timestamp,protocol,payload_size,entropy,processing_time_ms,anomaly_score,label
1777392302.014694,TLS,317,7.340889317304275,0.0,1.0,1.0
1777392302.054357,TLS,1455,7.875908775848017,0.0,1.0,1.0
1777392302.074152,TLS,1205,7.866383941159838,0.0,1.0,1.0
1777392302.089734,TLS,69,5.905625906053527,0.0,1.0,1.0
1777392302.103834,TLS,56,5.615303359518975,0.0,1.0,1.0
1777392302.14346,TLS,42,5.249460279921619,0.0,1.0,1.0
1777392302.19614,DTLS,37,4.506750662926248,0.0,1.0,1.0
1777392302.333769,TLS,97,6.275069800905417,0.0,-3.0,-3.0
1777392302.408644,TLS,38,5.142664355548852,0.0,1.0,1.0
1777392302.408702,TLS,357,7.259063710196961,0.0,-4.0,-4.0
1777392302.484921,DTLS,2947,7.924515555628107,0.0,-2.0,-2.0
1777392302.48592,DTLS,3863,7.955508945558652,0.0,-2.0,-2.0
1777392302.48692,DTLS,2785,7.910885032450413,0.0,-2.0,-2.0
1777392302.48792,DTLS,2902,7.933692644761348,0.0,-2.0,-2.0
1777392302.48892,DTLS,2593,7.920563886060516,0.0,-2.0,-2.0
1777392302.48992,DTLS,3038,7.926136270483262,0.0,-2.0,-2.0
1777392302.49092,DTLS,2042,7.891255141002394,0.0,-2.0,-2.0
1777392302.49192,DTLS,3674,7.950002637957914,0.0,-2.0,-2.0
1777392302.49292,DTLS,3134,7.9351908548186065,0.0,-2.0,-2.0
1777392302.49392,DTLS,3146,7.941228741714414,0.0,-2.0,-2.0
1777392302.49492,DTLS,3608,7.939595656191724,0.0,-2.0,-2.0
1777392302.49592,DTLS,3471,7.940871735566439,0.0,-2.0,-2.0
1777392302.49692,DTLS,2695,7.932088210676207,0.0,-2.0,-2.0
1777392302.49792,DTLS,2265,7.9225385161370525,0.0,-2.0,-2.0
1777392302.498919,DTLS,2113,7.920812777707034,0.0,-2.0,-2.0
1777392302.499919,DTLS,3681,7.954164657299858,0.0,-2.0,-2.0
1777392302.500919,DTLS,2303,7.919625454401689,0.0,-2.0,-2.0
1777392302.501919,DTLS,2802,7.945987194878442,0.0,-2.0,-2.0
1777392302.502919,DTLS,3301,7.947035548769677,0.0,-2.0,-2.0
1777392302.503919,DTLS,2969,7.940132224231426,0.0,-2.0,-2.0
1777392302.504919,DTLS,3839,7.954861727706064,0.0,-2.0,-2.0
1777392302.505919,DTLS,3198,7.938648194185362,0.0,-2.0,-2.0
1777392302.506919,DTLS,2523,7.930718911191063,0.0,-2.0,-2.0
1777392302.507919,DTLS,2047,7.902487580423941,0.0,-2.0,-2.0
1777392302.508919,DTLS,2248,7.915482049653268,0.0,-2.0,-2.0
1777392302.509919,DTLS,3994,7.955157070719221,0.0,-2.0,-2.0
1777392302.510919,DTLS,2562,7.925974278082251,0.0,-2.0,-2.0
1777392302.511919,DTLS,2216,7.919460768755561,0.0,-2.0,-2.0
1777392302.512918,DTLS,2632,7.928927299585994,0.0,-2.0,-2.0
1777392302.513918,DTLS,3408,7.94732373168732,0.0,-2.0,-2.0
1777392302.514918,DTLS,2325,7.9119734256771235,0.0,-2.0,-2.0
1777392302.515918,DTLS,2360,7.918203571565171,0.0,-2.0,-2.0
1777392302.516918,DTLS,2568,7.921402981899792,0.0,-2.0,-2.0
1777392302.517918,DTLS,3900,7.95087781575968,0.0,-2.0,-2.0
1777392302.518918,DTLS,3316,7.9436058546029775,0.0,-2.0,-2.0
1777392302.519918,DTLS,3263,7.944579824353636,0.0,-2.0,-2.0
1777392302.520918,DTLS,3127,7.940272990887461,0.0,-2.0,-2.0
1777392302.521918,DTLS,2873,7.927286025961552,0.0,-2.0,-2.0
1777392302.522599,TLS,103,6.210582565934165,0.0,-3.0,-3.0
1777392302.522918,DTLS,2768,7.934209355269259,0.0,-2.0,-2.0
1777392302.523918,DTLS,3451,7.940122624691767,0.0,-2.0,-2.0
1777392302.524918,DTLS,2596,7.925408665701788,0.0,-2.0,-2.0
1777392302.525918,DTLS,3071,7.940139949988767,0.0,-2.0,-2.0
1777392302.526917,DTLS,3632,7.949680993616425,0.0,-2.0,-2.0
1777392302.527917,DTLS,4,2.0,0.0,-2.0,-2.0
1777392302.528917,DTLS,3742,7.954785843082397,0.0,-2.0,-2.0
1777392302.529917,DTLS,3979,7.954562929501866,0.0,-2.0,-2.0
1777392302.530917,DTLS,3997,7.940572780534026,0.0,-2.0,-2.0
1777392302.531917,DTLS,2650,7.930886395372943,0.0,-2.0,-2.0
1777392302.532917,DTLS,2450,7.921710267957372,0.0,-2.0,-2.0
1777392302.533917,DTLS,3283,7.938139013015581,0.0,-2.0,-2.0
1777392302.534917,DTLS,2103,7.927846550771755,0.0,-2.0,-2.0
1777392302.535917,DTLS,2279,7.925561968326202,0.0,-2.0,-2.0
1777392302.536917,DTLS,3322,7.948175530321174,0.0,-2.0,-2.0
1777392302.537917,DTLS,3858,7.95264748682591,0.0,-2.0,-2.0
1777392302.538917,DTLS,2057,7.908951646060824,0.0,-2.0,-2.0
1777392302.539917,DTLS,3095,7.938598096279648,0.0,-2.0,-2.0
1777392302.540916,DTLS,2033,7.917242306246713,0.0,-2.0,-2.0
1777392302.541916,DTLS,2117,7.908735706262759,0.0,-2.0,-2.0
1777392302.542607,DTLS,713,7.714800402027635,0.0,-5.0,-5.0
1777392302.542707,DTLS,713,7.714800402027635,0.0,-5.0,-5.0
1777392302.542807,DTLS,713,7.714800402027635,0.0,-5.0,-5.0
1777392302.542907,DTLS,713,7.714800402027635,0.0,-5.0,-5.0
1777392302.542916,DTLS,3724,7.948069029739774,0.0,-2.0,-2.0
1777392302.543007,DTLS,713,7.714800402027635,0.0,-5.0,-5.0
1777392302.543107,DTLS,699,7.724991876611575,0.0,-5.0,-5.0
1777392302.543207,DTLS,699,7.724991876611575,0.0,-5.0,-5.0
1777392302.543307,DTLS,699,7.724991876611575,0.0,-5.0,-5.0
1777392302.543406,DTLS,699,7.724991876611575,0.0,-5.0,-5.0
1777392302.543506,DTLS,699,7.724991876611575,0.0,-5.0,-5.0
1777392302.543606,DTLS,623,7.637897886756636,0.0,-5.0,-5.0
1777392302.543706,DTLS,623,7.637897886756636,0.0,-5.0,-5.0
1777392302.543806,DTLS,623,7.637897886756636,0.0,-5.0,-5.0
1777392302.543906,DTLS,623,7.637897886756636,0.0,-5.0,-5.0
1777392302.543916,DTLS,3522,7.947289775559143,0.0,-2.0,-2.0
1777392302.544006,DTLS,623,7.637897886756636,0.0,-5.0,-5.0
1777392302.544106,DTLS,685,7.671863630013588,0.0,-5.0,-5.0
1777392302.544206,DTLS,685,7.671863630013588,0.0,-5.0,-5.0
1777392302.544306,DTLS,685,7.671863630013588,0.0,-5.0,-5.0
1777392302.544405,DTLS,685,7.671863630013588,0.0,-5.0,-5.0
1777392302.544505,DTLS,685,7.671863630013588,0.0,-5.0,-5.0
1777392302.544605,DTLS,686,7.6922807327109615,0.0,-5.0,-5.0
1777392302.544705,DTLS,686,7.6922807327109615,0.0,-5.0,-5.0
1777392302.544805,DTLS,686,7.6922807327109615,0.0,-5.0,-5.0
1777392302.544905,DTLS,686,7.6922807327109615,0.0,-5.0,-5.0
1777392302.544916,DTLS,3904,7.95300399984936,0.0,-2.0,-2.0
1777392302.545005,DTLS,686,7.6922807327109615,0.0,-5.0,-5.0
1777392302.545105,DTLS,681,7.674319072585198,0.0,-5.0,-5.0
1777392302.545205,DTLS,681,7.674319072585198,0.0,-5.0,-5.0
1777392302.545305,DTLS,681,7.674319072585198,0.0,-5.0,-5.0
1777392302.545404,DTLS,681,7.674319072585198,0.0,-5.0,-5.0
1777392302.545504,DTLS,681,7.674319072585198,0.0,-5.0,-5.0
1777392302.545604,DTLS,675,7.706815431779677,0.0,-5.0,-5.0
1777392302.545704,DTLS,675,7.706815431779677,0.0,-5.0,-5.0
1777392302.545804,DTLS,675,7.706815431779677,0.0,-5.0,-5.0
1777392302.545904,DTLS,675,7.706815431779677,0.0,-5.0,-5.0
1777392302.545916,DTLS,3726,7.946415831382141,0.0,-2.0,-2.0
1777392302.546004,DTLS,675,7.706815431779677,0.0,-5.0,-5.0
1777392302.546104,DTLS,674,7.690982808837835,0.0,-5.0,-5.0
1777392302.546204,DTLS,674,7.690982808837835,0.0,-5.0,-5.0
1777392302.546304,DTLS,674,7.690982808837835,0.0,-5.0,-5.0
1777392302.546403,DTLS,674,7.690982808837835,0.0,-5.0,-5.0
1777392302.546503,DTLS,674,7.690982808837835,0.0,-5.0,-5.0
1777392302.546603,DTLS,629,7.673643980668246,0.0,-5.0,-5.0
1777392302.546703,DTLS,629,7.673643980668246,0.0,-5.0,-5.0
1777392302.546803,DTLS,629,7.673643980668246,0.0,-5.0,-5.0
1777392302.546903,DTLS,629,7.673643980668246,0.0,-5.0,-5.0
1777392302.546916,DTLS,3940,7.95452399610098,0.0,-2.0,-2.0
1777392302.547003,DTLS,629,7.673643980668246,0.0,-5.0,-5.0
1777392302.547103,DTLS,695,7.754422907008507,0.0,-5.0,-5.0
1777392302.547203,DTLS,695,7.754422907008507,0.0,-5.0,-5.0
1777392302.547302,DTLS,695,7.754422907008507,0.0,-5.0,-5.0
1777392302.547402,DTLS,695,7.754422907008507,0.0,-5.0,-5.0
1777392302.547502,DTLS,695,7.754422907008507,0.0,-5.0,-5.0
1777392302.547602,DTLS,653,7.6445658458321075,0.0,-5.0,-5.0
1777392302.547702,DTLS,653,7.6445658458321075,0.0,-5.0,-5.0
1777392302.547802,DTLS,653,7.6445658458321075,0.0,-5.0,-5.0
1777392302.547902,DTLS,653,7.6445658458321075,0.0,-5.0,-5.0
1777392302.547916,DTLS,2041,7.9043466711632915,0.0,-2.0,-2.0
1777392302.548002,DTLS,653,7.6445658458321075,0.0,-5.0,-5.0
1777392302.548102,DTLS,695,7.717110209927829,0.0,-5.0,-5.0
1777392302.548202,DTLS,695,7.717110209927829,0.0,-5.0,-5.0
1777392302.548301,DTLS,695,7.717110209927829,0.0,-5.0,-5.0
1777392302.548401,DTLS,695,7.717110209927829,0.0,-5.0,-5.0
1777392302.548501,DTLS,695,7.717110209927829,0.0,-5.0,-5.0
1777392302.548601,DTLS,695,7.719208212670851,0.0,-5.0,-5.0
1777392302.548701,DTLS,695,7.719208212670851,0.0,-5.0,-5.0
1777392302.548801,DTLS,695,7.719208212670851,0.0,-5.0,-5.0
1777392302.548901,DTLS,695,7.719208212670851,0.0,-5.0,-5.0
1777392302.548916,DTLS,2382,7.918329895991139,0.0,-2.0,-2.0
1777392302.549001,DTLS,695,7.719208212670851,0.0,-5.0,-5.0
1777392302.549101,DTLS,625,7.658455787574775,0.0,-5.0,-5.0
1777392302.549201,DTLS,625,7.658455787574775,0.0,-5.0,-5.0
1777392302.5493,DTLS,625,7.658455787574775,0.0,-5.0,-5.0
1777392302.5494,DTLS,625,7.658455787574775,0.0,-5.0,-5.0
1777392302.5495,DTLS,625,7.658455787574775,0.0,-5.0,-5.0
1777392302.5496,DTLS,695,7.722375355787954,0.0,-5.0,-5.0
1777392302.5497,DTLS,695,7.722375355787954,0.0,-5.0,-5.0
1777392302.5498,DTLS,695,7.722375355787954,0.0,-5.0,-5.0
1777392302.5499,DTLS,695,7.722375355787954,0.0,-5.0,-5.0
1777392302.549916,DTLS,2106,7.910658846379778,0.0,-2.0,-2.0
1777392302.55,DTLS,695,7.722375355787954,0.0,-5.0,-5.0
1777392302.5501,DTLS,637,7.698389351793316,0.0,-5.0,-5.0
1777392302.5502,DTLS,637,7.698389351793316,0.0,-5.0,-5.0
1777392302.550299,DTLS,637,7.698389351793316,0.0,-5.0,-5.0
1777392302.550399,DTLS,637,7.698389351793316,0.0,-5.0,-5.0
1777392302.550499,DTLS,637,7.698389351793316,0.0,-5.0,-5.0
1777392302.550599,DTLS,632,7.67422528055826,0.0,-5.0,-5.0
1777392302.550699,DTLS,632,7.67422528055826,0.0,-5.0,-5.0
1777392302.550799,DTLS,632,7.67422528055826,0.0,-5.0,-5.0
1777392302.550899,DTLS,632,7.67422528055826,0.0,-5.0,-5.0
1777392302.550916,DTLS,2773,7.927614410762179,0.0,-2.0,-2.0
1777392302.550999,DTLS,632,7.67422528055826,0.0,-5.0,-5.0
1777392302.551099,DTLS,646,7.675619137155357,0.0,-5.0,-5.0
1777392302.551198,DTLS,646,7.675619137155357,0.0,-5.0,-5.0
1777392302.551298,DTLS,646,7.675619137155357,0.0,-5.0,-5.0
1777392302.551398,DTLS,646,7.675619137155357,0.0,-5.0,-5.0
1777392302.551498,DTLS,646,7.675619137155357,0.0,-5.0,-5.0
1777392302.551598,DTLS,686,7.7197140670907345,0.0,-5.0,-5.0
1777392302.551698,DTLS,686,7.7197140670907345,0.0,-5.0,-5.0
1777392302.551798,DTLS,686,7.7197140670907345,0.0,-5.0,-5.0
1777392302.551898,DTLS,686,7.7197140670907345,0.0,-5.0,-5.0
1777392302.551916,DTLS,3569,7.952036984970531,0.0,-2.0,-2.0
1777392302.551998,DTLS,686,7.7197140670907345,0.0,-5.0,-5.0
1777392302.552098,DTLS,619,7.658189827688999,0.0,-5.0,-5.0
1777392302.552197,DTLS,619,7.658189827688999,0.0,-5.0,-5.0
1777392302.552297,DTLS,619,7.658189827688999,0.0,-5.0,-5.0
1777392302.552397,DTLS,619,7.658189827688999,0.0,-5.0,-5.0
1777392302.552497,DTLS,619,7.658189827688999,0.0,-5.0,-5.0
1777392302.552597,DTLS,702,7.703384640554826,0.0,-5.0,-5.0
1777392302.552697,DTLS,702,7.703384640554826,0.0,-5.0,-5.0
1777392302.552797,DTLS,702,7.703384640554826,0.0,-5.0,-5.0
1777392302.552897,DTLS,702,7.703384640554826,0.0,-5.0,-5.0
1777392302.552916,DTLS,2395,7.916309027376689,0.0,-2.0,-2.0
1777392302.552997,DTLS,702,7.703384640554826,0.0,-5.0,-5.0
1777392302.553097,DTLS,712,7.693323695434485,0.0,-5.0,-5.0
1777392302.553196,DTLS,712,7.693323695434485,0.0,-5.0,-5.0
1777392302.553296,DTLS,712,7.693323695434485,0.0,-5.0,-5.0
1777392302.553396,DTLS,712,7.693323695434485,0.0,-5.0,-5.0
1777392302.553496,DTLS,712,7.693323695434485,0.0,-5.0,-5.0
1777392302.553596,DTLS,645,7.657571860913952,0.0,-5.0,-5.0
1777392302.553696,DTLS,645,7.657571860913952,0.0,-5.0,-5.0
1777392302.553796,DTLS,645,7.657571860913952,0.0,-5.0,-5.0
1777392302.553896,DTLS,645,7.657571860913952,0.0,-5.0,-5.0
1777392302.553916,DTLS,2537,7.927870847863381,0.0,-2.0,-2.0
1777392302.553996,DTLS,645,7.657571860913952,0.0,-5.0,-5.0
1777392302.554096,DTLS,663,7.710154647493751,0.0,-5.0,-5.0
1777392302.554195,DTLS,663,7.710154647493751,0.0,-5.0,-5.0
1777392302.554295,DTLS,663,7.710154647493751,0.0,-5.0,-5.0
1777392302.554395,DTLS,663,7.710154647493751,0.0,-5.0,-5.0
1777392302.554495,DTLS,663,7.710154647493751,0.0,-5.0,-5.0
1777392302.554595,DTLS,713,7.664694005361612,0.0,-5.0,-5.0
1777392302.554695,DTLS,713,7.664694005361612,0.0,-5.0,-5.0
1777392302.554795,DTLS,713,7.664694005361612,0.0,-5.0,-5.0
1777392302.554895,DTLS,713,7.664694005361612,0.0,-5.0,-5.0
1777392302.554915,DTLS,3703,7.953522827265901,0.0,-2.0,-2.0
1777392302.554995,DTLS,713,7.664694005361612,0.0,-5.0,-5.0
1777392302.555094,DTLS,642,7.623963589204704,0.0,-5.0,-5.0
1777392302.555194,DTLS,642,7.623963589204704,0.0,-5.0,-5.0
1777392302.555294,DTLS,642,7.623963589204704,0.0,-5.0,-5.0
1777392302.555394,DTLS,642,7.623963589204704,0.0,-5.0,-5.0
1777392302.555494,DTLS,642,7.623963589204704,0.0,-5.0,-5.0
1777392302.555594,DTLS,693,7.732658046405712,0.0,-5.0,-5.0
1777392302.555694,DTLS,693,7.732658046405712,0.0,-5.0,-5.0
1777392302.555794,DTLS,693,7.732658046405712,0.0,-5.0,-5.0
1777392302.555894,DTLS,693,7.732658046405712,0.0,-5.0,-5.0
1777392302.555915,DTLS,2957,7.937671233575414,0.0,-2.0,-2.0
1777392302.555994,DTLS,693,7.732658046405712,0.0,-5.0,-5.0
1777392302.556093,DTLS,664,7.702294805555369,0.0,-5.0,-5.0
1777392302.556193,DTLS,664,7.702294805555369,0.0,-5.0,-5.0
1777392302.556293,DTLS,664,7.702294805555369,0.0,-5.0,-5.0
1777392302.556393,DTLS,664,7.702294805555369,0.0,-5.0,-5.0
1777392302.556493,DTLS,664,7.702294805555369,0.0,-5.0,-5.0
1777392302.556593,DTLS,622,7.6194761340912835,0.0,-5.0,-5.0
1777392302.556693,DTLS,622,7.6194761340912835,0.0,-5.0,-5.0
1777392302.556793,DTLS,622,7.6194761340912835,0.0,-5.0,-5.0
1777392302.556893,DTLS,622,7.6194761340912835,0.0,-5.0,-5.0
1777392302.556915,DTLS,3016,7.942504794627121,0.0,-2.0,-2.0
1777392302.556993,DTLS,622,7.6194761340912835,0.0,-5.0,-5.0
1777392302.557092,DTLS,647,7.712200035511686,0.0,-5.0,-5.0
1777392302.557192,DTLS,647,7.712200035511686,0.0,-5.0,-5.0
1777392302.557292,DTLS,647,7.712200035511686,0.0,-5.0,-5.0
1777392302.557392,DTLS,647,7.712200035511686,0.0,-5.0,-5.0
1777392302.557492,DTLS,647,7.712200035511686,0.0,-5.0,-5.0
1777392302.557915,DTLS,2458,7.912871358713173,0.0,-2.0,-2.0
1777392302.558915,DTLS,2909,7.936459476226262,0.0,-2.0,-2.0
1777392302.559915,DTLS,2083,7.905993737004207,0.0,-2.0,-2.0
1777392302.560915,DTLS,2877,7.919473728792384,0.0,-2.0,-2.0
1777392302.561915,DTLS,2885,7.927175184891738,0.0,-2.0,-2.0
1777392302.562915,DTLS,2762,7.935357086399355,0.0,-2.0,-2.0
1777392302.563915,DTLS,3039,7.925487185403232,0.0,-2.0,-2.0
1777392302.569031,TLS,27,4.606739354015322,0.0,1.0,1.0
1777392302.627476,TLS,95,6.167069687209995,0.0,-3.0,-3.0
1777392302.74227,TLS,325,7.14234494796415,0.0,-4.0,-4.0
1777392302.787261,TLS,107,6.334833575145748,0.0,-3.0,-3.0
1777392302.960917,TLS,82,6.113649565593696,0.0,-3.0,-3.0
1777392303.084443,TLS,41,5.259991029008325,0.0,1.0,1.0
1777392303.106148,TLS,81,5.960160033722103,0.0,-3.0,-3.0
1777392303.20868,TLS,329,7.1899820352600985,0.0,-4.0,-4.0
1777392303.294407,TLS,77,5.919320469238236,0.0,-3.0,-3.0
1777392303.403139,TLS,102,6.331691150773818,0.0,-3.0,-3.0
1777392303.47953,TLS,403,7.409181253095146,0.0,-4.0,-4.0
1777392303.483881,TLS,100,6.236307314753101,0.0,-3.0,-3.0
1777392303.588711,TLS,379,7.407773704824282,0.0,-4.0,-4.0
1777392303.663456,TLS,81,6.024914509004036,0.0,-3.0,-3.0
1777392303.729849,TLS,98,6.16302961445715,0.0,-3.0,-3.0
1777392303.832376,TLS,390,7.427466821866294,0.0,-4.0,-4.0
1777392303.83966,TLS,62,5.651698124868108,0.0,-3.0,-3.0
1777392303.965469,TLS,100,6.288758439731468,0.0,-3.0,-3.0
1777392304.002948,TLS,329,7.246605714540013,0.0,-4.0,-4.0
1777392304.067684,TLS,83,6.043596359005642,0.0,-3.0,-3.0
1777392304.17819,TLS,105,6.259250874705949,0.0,-3.0,-3.0
1777392304.206207,TLS,300,7.077094055601968,0.0,-4.0,-4.0
1777392304.328279,TLS,42,5.249460279921619,0.0,1.0,1.0
1777392304.348199,TLS,100,6.236307314753102,0.0,-3.0,-3.0
1777392304.362416,TLS,335,7.251230869518123,0.0,-4.0,-4.0
1777392304.400873,TLS,80,6.046928094887358,0.0,-3.0,-3.0
1777392304.540042,TLS,87,6.072085306118948,0.0,-3.0,-3.0
1777392304.626999,TLS,68,5.752832142689117,0.0,-3.0,-3.0
1777392304.714312,TLS,384,7.432623903474416,0.0,-4.0,-4.0
1777392304.775434,DTLS,34,4.450654474944361,0.0,1.0,1.0
1777392304.796357,TLS,78,5.9680318662704135,0.0,-3.0,-3.0
1777392304.80607,TLS,45,5.191635874011298,0.0,1.0,1.0
1777392304.948246,TLS,96,6.152569011092756,0.0,-3.0,-3.0
1777392304.977714,TLS,379,7.328022880314566,0.0,-4.0,-4.0
1777392305.06682,TLS,74,5.928981912897015,0.0,-3.0,-3.0
1777392305.237418,TLS,93,6.200344026115272,0.0,-3.0,-3.0
1777392305.297513,TLS,91,6.14785082149361,0.0,-3.0,-3.0
1777392305.34991,TLS,297,7.129967711758183,0.0,-4.0,-4.0
1777392305.492936,TLS,94,6.325761458014572,0.0,-3.0,-3.0
1777392305.519819,TLS,351,7.207350566728961,0.0,-4.0,-4.0
1777392305.658962,TLS,62,5.760647923290099,0.0,-3.0,-3.0
1777392305.770083,TLS,99,6.270672024076316,0.0,-3.0,-3.0
1777392305.895344,TLS,399,7.369158753271781,0.0,-4.0,-4.0
1777392305.955366,TLS,61,5.799589796579277,0.0,-3.0,-3.0
1777392306.065179,DTLS,50,4.953269689515109,0.0,1.0,1.0
1777392306.106706,TLS,98,6.231957037948614,0.0,-3.0,-3.0
1777392306.186229,TLS,64,5.613204882778696,0.0,-3.0,-3.0
1777392306.238588,TLS,38,5.090032776601483,0.0,1.0,1.0
1777392306.27463,TLS,416,7.435274732504077,0.0,-4.0,-4.0
1777392306.278968,TLS,86,6.0598720220936455,0.0,-3.0,-3.0
1777392306.441334,TLS,94,6.147517973949007,0.0,-3.0,-3.0
1777392306.485018,TLS,285,7.083233854430825,0.0,-4.0,-4.0
1777392306.538477,TLS,108,6.231467826117341,0.0,-3.0,-3.0
1777392306.729007,TLS,79,5.974666824126472,0.0,-3.0,-3.0
1777392306.757425,TLS,43,5.286729870981167,0.0,1.0,1.0
1777392306.840199,TLS,408,7.364815027582315,0.0,-4.0,-4.0
1777392306.843832,TLS,108,6.419103590066326,0.0,-3.0,-3.0
1777392306.928153,TLS,60,5.660975803905792,0.0,-3.0,-3.0
1777392306.947665,TLS,330,7.162731146267771,0.0,-4.0,-4.0
1777392307.091257,TLS,417,7.342113138429053,0.0,-4.0,-4.0
1777392307.094553,TLS,93,6.324105047667175,0.0,-3.0,-3.0
1777392307.253534,TLS,77,5.981072254980618,0.0,-3.0,-3.0
1777392307.385988,TLS,52,5.416691881561028,0.0,1.0,1.0
1777392307.430798,TLS,71,5.874961556063454,0.0,-3.0,-3.0
1777392307.441699,DTLS,51,5.091023686002808,0.0,1.0,1.0
1777392307.447378,TLS,356,7.223718536888781,0.0,-4.0,-4.0
1777392307.498335,TLS,50,5.403856189774728,0.0,1.0,1.0
1777392307.572509,TLS,69,5.702727355328889,0.0,-3.0,-3.0
1777392307.682006,TLS,315,7.144275004757428,0.0,-4.0,-4.0
1777392307.70187,TLS,91,6.222080354484417,0.0,-3.0,-3.0
1777392307.779618,TLS,100,6.281209564709832,0.0,-3.0,-3.0
1777392307.837183,TLS,89,6.071239048943935,0.0,-3.0,-3.0
1777392307.901688,TLS,38,5.090032776601483,0.0,1.0,1.0
1777392307.992729,TLS,95,6.209174950367891,0.0,-3.0,-3.0
1777392308.013509,TLS,304,7.121417903820377,0.0,-4.0,-4.0
1777392308.111007,TLS,59,5.611456608683871,0.0,-3.0,-3.0
1777392308.19663,TLS,368,7.316615216738479,0.0,-4.0,-4.0
1777392308.281756,TLS,89,6.1891067455245325,0.0,-3.0,-3.0
1777392308.375952,TLS,281,7.113610374131901,0.0,-4.0,-4.0
1777392308.413105,TLS,99,6.217691089754736,0.0,-3.0,-3.0
1777392308.572435,TLS,80,6.096928094887358,0.0,-3.0,-3.0
1777392308.648164,TLS,29,4.651084443403434,0.0,1.0,1.0
1777392308.673694,DTLS,49,5.0912101613722855,0.0,1.0,1.0
1777392308.732641,TLS,94,6.19810188354649,0.0,-3.0,-3.0
1777392308.802808,TLS,303,7.16587674724944,0.0,-4.0,-4.0
1777392308.87934,TLS,74,5.881552520946652,0.0,-3.0,-3.0
1777392308.939359,TLS,66,5.718488437474719,0.0,-3.0,-3.0
1777392309.131534,TLS,68,5.793345194191521,0.0,-3.0,-3.0
1777392309.15726,TLS,49,5.3952223440710565,0.0,1.0,1.0
1777392309.183858,TLS,296,7.1512212185658,0.0,-4.0,-4.0
1777392309.228941,TLS,63,5.584345201243355,0.0,-3.0,-3.0
1777392309.298467,TLS,367,7.334382175626738,0.0,-4.0,-4.0
1777392309.307721,TLS,92,6.137586140792598,0.0,-3.0,-3.0
1777392309.476206,TLS,319,7.281541993040087,0.0,-4.0,-4.0
1777392309.48275,TLS,61,5.635655370349769,0.0,-3.0,-3.0
1777392309.61593,TLS,85,5.950337406624131,0.0,-3.0,-3.0
1777392309.718313,TLS,103,6.407326862113685,0.0,-3.0,-3.0
1777392309.741168,TLS,302,7.150045521395834,0.0,-4.0,-4.0
1777392309.89679,TLS,27,4.356558335416676,0.0,1.0,1.0
1777392309.900484,TLS,60,5.560975803905793,0.0,-3.0,-3.0
1777392310.014975,TLS,105,6.409483612904211,0.0,-3.0,-3.0
1777392310.172282,TLS,377,7.349295847314242,0.0,-4.0,-4.0
1777392310.210673,TLS,61,5.570081599857964,0.0,-3.0,-3.0
1777392310.355761,TLS,80,6.087492001110314,0.0,-3.0,-3.0
1777392310.462827,TLS,71,5.839887964575099,0.0,-3.0,-3.0
1777392310.532487,DTLS,35,4.386425874087822,0.0,1.0,1.0
1777392310.557438,TLS,387,7.323816372436116,0.0,-4.0,-4.0
1777392310.56569,TLS,101,6.314103685700659,0.0,-3.0,-3.0
1777392310.712252,TLS,74,5.918780730435347,0.0,-3.0,-3.0
1777392310.718652,TLS,36,5.114369445886754,0.0,1.0,1.0
1777392310.749355,TLS,419,7.407404515344108,0.0,-4.0,-4.0
1777392310.869859,TLS,70,5.832784624056921,0.0,-3.0,-3.0
1777392310.940278,TLS,83,6.076787774694359,0.0,-3.0,-3.0
1777392311.010984,TLS,312,7.208588848721571,0.0,-4.0,-4.0
1777392311.082254,TLS,93,6.26486015514753,0.0,-3.0,-3.0
1777392311.170185,TLS,72,5.843400348604441,0.0,-3.0,-3.0
1777392311.265709,TLS,396,7.392696765807774,0.0,-4.0,-4.0
1777392311.326894,TLS,79,6.091693564605415,0.0,-3.0,-3.0
1777392311.435837,TLS,70,5.661356052628349,0.0,-3.0,-3.0
1777392311.606133,TLS,97,6.2054317854191945,0.0,-3.0,-3.0
1777392311.756737,TLS,305,7.278649552646307,0.0,-4.0,-4.0
1777392311.795569,TLS,68,5.8521687236032855,0.0,-3.0,-3.0
1777392311.953255,TLS,97,6.1023390019140376,0.0,-3.0,-3.0
1777392312.107903,TLS,78,6.044954943193493,0.0,-3.0,-3.0
1777392312.16381,TLS,92,6.107641711421257,0.0,-3.0,-3.0
1777392312.242293,TLS,366,7.310161375726758,0.0,-4.0,-4.0
1777392312.303802,TLS,99,6.1418347765797145,0.0,-3.0,-3.0
1777392312.356731,TLS,316,7.201827692727646,0.0,-4.0,-4.0
1777392312.419424,TLS,106,6.296086138423401,0.0,-3.0,-3.0
1777392312.428891,TLS,44,5.277613436819114,0.0,1.0,1.0
1777392312.566424,TLS,342,7.258320269087243,0.0,-4.0,-4.0
1777392312.61087,TLS,92,6.159325271227382,0.0,-3.0,-3.0
1777392312.70814,TLS,83,6.052691389152191,0.0,-3.0,-3.0
1777392312.853073,TLS,396,7.439682330908829,0.0,-4.0,-4.0
1777392312.889239,TLS,72,5.919925001442317,0.0,-3.0,-3.0
1777392313.031481,TLS,26,4.5465935642949376,0.0,1.0,1.0
1777392313.076828,TLS,86,6.036616208140158,0.0,-3.0,-3.0
1777392313.213848,TLS,98,6.158027318582933,0.0,-3.0,-3.0
1777392313.26707,DTLS,35,4.567812032533444,0.0,1.0,1.0
1777392313.30474,TLS,366,7.253779081530079,0.0,-4.0,-4.0
1777392313.320879,TLS,97,6.192595574101292,0.0,-3.0,-3.0
1777392313.412033,TLS,355,7.337178057955415,0.0,-4.0,-4.0
1777392313.493932,TLS,106,6.310329298841578,0.0,-3.0,-3.0
1777392313.655876,TLS,82,6.0068826448356045,0.0,-3.0,-3.0
1777392313.736194,TLS,376,7.342240449255533,0.0,-4.0,-4.0
1777392313.827843,TLS,63,5.667600955177269,0.0,-3.0,-3.0
1777392313.870804,TLS,290,7.127582507910433,0.0,-4.0,-4.0
1777392313.946959,TLS,58,5.478670650299985,0.0,-3.0,-3.0
1777392314.048333,TLS,75,5.952086857133709,0.0,-3.0,-3.0
1777392314.136522,TLS,283,7.14324385661459,0.0,-4.0,-4.0
1777392314.172092,TLS,96,6.123872266278552,0.0,-3.0,-3.0
1777392314.358335,TLS,66,5.771666846631189,0.0,-3.0,-3.0
1777392314.413908,TLS,90,6.172354346305626,0.0,-3.0,-3.0
1777392314.517971,TLS,42,5.231486767965346,0.0,1.0,1.0
1777392314.541633,TLS,387,7.336036155260924,0.0,-4.0,-4.0
1777392314.551081,TLS,70,5.775641766914062,0.0,-3.0,-3.0
1777392314.697005,TLS,65,5.7146755053361495,0.0,-3.0,-3.0
1777392314.748215,TLS,410,7.455014970114838,0.0,-4.0,-4.0
1777392314.847055,TLS,77,5.8933464432642095,0.0,-3.0,-3.0
1777392314.855141,TLS,54,5.495628242904209,0.0,1.0,1.0
1777392314.892194,TLS,372,7.364459224176773,0.0,-4.0,-4.0
1777392314.904893,TLS,108,6.400585071547806,0.0,-3.0,-3.0
1777392315.052602,TLS,389,7.347813260638908,0.0,-4.0,-4.0
1777392315.06244,TLS,80,5.987492001110315,0.0,-3.0,-3.0
1777392315.192685,TLS,75,5.935485357162555,0.0,-3.0,-3.0
1777392315.229722,DTLS,50,5.210826500686662,0.0,1.0,1.0
1777392315.329681,TLS,64,5.726409765557392,0.0,-3.0,-3.0
1777392315.416565,TLS,312,7.139689789311372,0.0,-4.0,-4.0
1777392315.481788,TLS,101,6.294301705502638,0.0,-3.0,-3.0
1777392315.674326,TLS,90,6.008411151837146,0.0,-3.0,-3.0
1777392315.674356,TLS,42,5.106603137064476,0.0,1.0,1.0
1777392315.881443,TLS,294,7.128899365285948,0.0,-4.0,-4.0
1777392316.096492,TLS,361,7.304597488054757,0.0,-4.0,-4.0
1777392316.283135,TLS,305,7.147656731638522,0.0,-4.0,-4.0
1777392316.331395,TLS,45,5.402964207440785,0.0,1.0,1.0
1777392316.585637,TLS,420,7.391560005823575,0.0,-4.0,-4.0
1777392316.979692,TLS,353,7.306130526066805,0.0,-4.0,-4.0
1777392317.180302,TLS,323,7.172497128763193,0.0,-4.0,-4.0
1777392317.606582,TLS,52,5.233811593016278,0.0,1.0,1.0
1777392317.673337,TLS,340,7.181766872243062,0.0,-4.0,-4.0
1777392317.884928,TLS,346,7.252982907258062,0.0,-4.0,-4.0
1777392317.927799,DTLS,51,5.247886431100849,0.0,1.0,1.0
1777392318.094266,TLS,322,7.255859650568046,0.0,-4.0,-4.0
1777392318.393689,TLS,31,4.825164052322361,0.0,1.0,1.0
1777392318.545059,TLS,338,7.252747596637523,0.0,-4.0,-4.0
1777392318.825007,TLS,356,7.2253843102361826,0.0,-4.0,-4.0
1777392318.97249,TLS,379,7.249538233570602,0.0,-4.0,-4.0
1777392319.259242,TLS,279,6.996670463099573,0.0,-4.0,-4.0
1777392319.423006,DTLS,40,4.780640983527282,0.0,1.0,1.0
1777392319.636763,TLS,355,7.334259605237895,0.0,-4.0,-4.0
1777392319.832375,TLS,26,4.623516641218014,0.0,1.0,1.0
1777392319.874876,TLS,397,7.371788664270029,0.0,-4.0,-4.0
1777392320.256187,TLS,314,7.198060379980696,0.0,-4.0,-4.0
1777392320.613819,TLS,417,7.342530163348135,0.0,-4.0,-4.0
1777392321.032731,TLS,388,7.326136375019705,0.0,-4.0,-4.0
1777392321.188775,TLS,49,5.45144453799276,0.0,1.0,1.0
1777392321.192135,TLS,413,7.432240390178012,0.0,-4.0,-4.0
1777392321.399282,TLS,356,7.270816611897011,0.0,-4.0,-4.0
1777392321.830613,TLS,357,7.273611187507638,0.0,-4.0,-4.0
1777392321.838612,TLS,27,4.532665279941249,0.0,1.0,1.0
1777392322.152792,TLS,358,7.247958025848819,0.0,-4.0,-4.0
1777392322.434808,TLS,307,7.157973807089615,0.0,-4.0,-4.0
1777392322.65573,TLS,371,7.326116652057783,0.0,-4.0,-4.0
1777392322.87063,TLS,320,7.189243965745317,0.0,-4.0,-4.0
1777392322.94551,DTLS,51,5.169455058551828,0.0,1.0,1.0
1777392323.054353,TLS,401,7.33360006309655,0.0,-4.0,-4.0
1777392323.179488,TLS,411,7.3943625144749,0.0,-4.0,-4.0
1777392323.524612,TLS,363,7.347695497146081,0.0,-4.0,-4.0
1777392323.563716,TLS,52,5.4696704873718645,0.0,1.0,1.0
1777392323.83666,TLS,416,7.434826505408226,0.0,-4.0,-4.0
1777392323.855619,TLS,33,4.8625759375402735,0.0,1.0,1.0
1777392324.320471,TLS,330,7.193455284108426,0.0,-4.0,-4.0
1777392324.673692,TLS,388,7.353285340273005,0.0,-4.0,-4.0
1777392324.817098,TLS,51,5.47634691059895,0.0,1.0,1.0
1777392324.857673,TLS,334,7.217302086473382,0.0,-4.0,-4.0
1777392324.976505,TLS,365,7.344881610268819,0.0,-4.0,-4.0
1777392325.197502,TLS,288,7.086935973950581,0.0,-4.0,-4.0
1777392325.588216,TLS,331,7.238522782834352,0.0,-4.0,-4.0
1777392325.61028,TLS,36,4.850209029099895,0.0,1.0,1.0
1777392325.799433,TLS,278,7.056360689796881,0.0,-4.0,-4.0
1777392326.19656,TLS,411,7.399714657881763,0.0,-4.0,-4.0
1777392326.385294,TLS,46,5.393127173448315,0.0,1.0,1.0
1777392326.472169,TLS,418,7.445362370105943,0.0,-4.0,-4.0
1777392326.70017,TLS,277,7.086000347223805,0.0,-4.0,-4.0
1777392326.972455,TLS,345,7.269776929124959,0.0,-4.0,-4.0
1777392326.992552,TLS,54,5.384517131793097,0.0,1.0,1.0
1777392327.221367,TLS,329,7.193150596693913,0.0,-4.0,-4.0
1777392327.541751,TLS,397,7.389535217311885,0.0,-4.0,-4.0
1777392327.659692,TLS,315,7.172852173122538,0.0,-4.0,-4.0
1777392327.736346,DTLS,51,5.208670744826338,0.0,1.0,1.0
1777392328.03308,TLS,328,7.238351547169104,0.0,-4.0,-4.0
1777392328.261569,TLS,369,7.321276161050776,0.0,-4.0,-4.0
1777392328.391292,TLS,27,4.6808134280893965,0.0,1.0,1.0
1777392328.757259,TLS,410,7.422190306928489,0.0,-4.0,-4.0
1777392329.145167,TLS,411,7.362129287077102,0.0,-4.0,-4.0
1777392329.42301,TLS,406,7.286317733527691,0.0,-4.0,-4.0
1777392329.648641,TLS,30,4.706890595608519,0.0,1.0,1.0
1777392329.766461,TLS,384,7.370877165942844,0.0,-4.0,-4.0
1777392330.065977,TLS,387,7.316791743372772,0.0,-4.0,-4.0
1777392330.358482,TLS,308,7.061306531770336,0.0,-4.0,-4.0
1777392330.763507,TLS,32,4.875,0.0,1.0,1.0
1777392331.078511,DTLS,34,4.391830945532596,0.0,1.0,1.0
1777392331.173972,TLS,37,4.993237149412737,0.0,1.0,1.0
1777392331.786873,TLS,54,5.430632409490747,0.0,1.0,1.0
1777392333.102872,TLS,42,5.154222184683524,0.0,1.0,1.0
1777392333.620141,TLS,35,4.900711588373535,0.0,1.0,1.0
1777392335.32156,TLS,49,5.313589691009832,0.0,1.0,1.0
1777392335.527842,TLS,51,5.554778283147971,0.0,1.0,1.0
1777392335.688833,TLS,35,5.014997302659249,0.0,1.0,1.0
1777392335.983532,DTLS,34,4.450654474944361,0.0,1.0,1.0
1777392336.551046,TLS,27,4.606739354015323,0.0,1.0,1.0
1777392337.051913,TLS,55,5.622179940758048,0.0,1.0,1.0
1777392338.229555,TLS,47,5.240655075035864,0.0,1.0,1.0
1777392338.927443,TLS,45,5.269630874107451,0.0,1.0,1.0
1777392339.210191,DTLS,37,4.678332164158594,0.0,1.0,1.0
1777392339.975982,TLS,53,5.576977058336781,0.0,1.0,1.0
1777392341.368629,DTLS,37,4.570224056050487,0.0,1.0,1.0
1777392341.813623,TLS,39,5.182838116298145,0.0,1.0,1.0
1777392342.185079,TLS,29,4.720049960644813,0.0,1.0,1.0
1777392342.753671,TLS,42,5.201841232302572,0.0,1.0,1.0
1777392343.877728,TLS,48,5.459962500721159,0.0,1.0,1.0
1777392344.531372,DTLS,51,5.130239372277318,0.0,1.0,1.0
1777392345.088441,TLS,53,5.539241209280176,0.0,1.0,1.0
1777392346.297154,TLS,36,5.058813890331199,0.0,1.0,1.0
1777392346.7653,DTLS,38,4.625520027801397,0.0,1.0,1.0
1777392346.813863,TLS,29,4.651084443403434,0.0,1.0,1.0
1777392347.881963,TLS,27,4.504706483564823,0.0,1.0,1.0
1777392348.177522,DTLS,51,5.208670744826338,0.0,1.0,1.0
1777392349.417949,TLS,52,5.431208948910326,0.0,1.0,1.0
1777392349.726283,TLS,45,5.402964207440784,0.0,1.0,1.0
1777392350.130249,TLS,46,5.34964891257875,0.0,1.0,1.0
1777392351.032352,TLS,27,4.532665279941249,0.0,1.0,1.0
1777392351.733176,DTLS,44,4.868522527728207,0.0,1.0,1.0
1777392351.86341,TLS,44,5.232158891364568,0.0,1.0,1.0
1777392353.122899,DTLS,35,4.5106691753905865,0.0,1.0,1.0
1777392353.856041,TLS,41,5.1440181631019,0.0,1.0,1.0
1777392354.433728,TLS,42,5.297079327540668,0.0,1.0,1.0
1777392356.169209,TLS,25,4.483856189774722,0.0,1.0,1.0
1777392356.380372,DTLS,52,5.091757324787186,0.0,1.0,1.0
1777392357.561748,TLS,28,4.593069207771891,0.0,1.0,1.0
1777392358.204207,DTLS,50,5.090826500686662,0.0,1.0,1.0
1777392358.956997,TLS,42,5.088629625108203,0.0,1.0,1.0
1777392360.483665,TLS,49,5.45144453799276,0.0,1.0,1.0
1777392360.914576,DTLS,43,4.876230232506674,0.0,1.0,1.0
1777392361.801493,TLS,28,4.593069207771891,0.0,1.0,1.0
1777392362.459143,TLS,30,4.773557262275186,0.0,1.0,1.0
1777392363.421218,TLS,55,5.599541531706474,0.0,1.0,1.0
1777392363.776983,DTLS,47,4.966259395200973,0.0,1.0,1.0
1777392364.893193,TLS,48,5.444235677759421,0.0,1.0,1.0
1777392365.493632,TLS,41,5.259991029008325,0.0,1.0,1.0
1777392366.223313,DTLS,40,4.730640983527282,0.0,1.0,1.0
1777392367.04136,TLS,41,5.144018163101899,0.0,1.0,1.0
1777392368.875353,TLS,52,5.469670487371863,0.0,1.0,1.0
1777392370.163424,TLS,51,5.515562596873461,0.0,1.0,1.0
1777392370.400831,DTLS,40,4.6306409835272815,0.0,1.0,1.0
1777392371.477427,TLS,44,5.232158891364569,0.0,1.0,1.0
1777392371.728251,DTLS,42,4.781567792912018,0.0,1.0,1.0
1777392371.955359,TLS,36,5.003258334775643,0.0,1.0,1.0
1777392373.504129,TLS,42,5.249460279921619,0.0,1.0,1.0
1777392374.829036,DTLS,43,4.78320697669272,0.0,1.0,1.0
1777392375.415778,TLS,54,5.532665279941245,0.0,1.0,1.0
1777392376.52345,TLS,25,4.483856189774722,0.0,1.0,1.0
1777392377.761445,TLS,40,5.103055907333276,0.0,1.0,1.0
1777392377.898451,TLS,54,5.532665279941246,0.0,1.0,1.0
1777392378.688114,TLS,51,5.422329508595745,0.0,1.0,1.0
1777392378.746818,DTLS,42,4.781567792912019,0.0,1.0,1.0
1777392380.320987,TLS,32,4.875,0.0,1.0,1.0
1777392380.531044,TLS,53,5.5015053602235735,0.0,1.0,1.0
1777392381.709023,TLS,27,4.578780557638898,0.0,1.0,1.0
1777392381.971764,TLS,40,5.121928094887363,0.0,1.0,1.0
1777392382.182654,DTLS,35,4.396383461104872,0.0,1.0,1.0
1777392383.622208,TLS,49,5.45144453799276,0.0,1.0,1.0
1777392383.654917,DTLS,46,4.87896446791781,0.0,1.0,1.0
1777392384.73435,TLS,29,4.651084443403434,0.0,1.0,1.0
1777392385.078294,TLS,40,5.171928094887363,0.0,1.0,1.0
1777392385.314765,DTLS,43,4.922741860413651,0.0,1.0,1.0
1777392386.922703,DTLS,48,4.951496418292686,0.0,1.0,1.0
1777392386.977306,TLS,30,4.706890595608519,0.0,1.0,1.0
1777392387.580914,TLS,52,5.508132025833403,0.0,1.0,1.0
1777392388.833442,TLS,55,5.440361758939866,0.0,1.0,1.0
1777392389.335859,TLS,42,4.94577248225106,0.0,1.0,1.0
1777392389.609497,DTLS,35,4.329283016944965,0.0,1.0,1.0
1777392390.870863,TLS,47,5.283208266525225,0.0,1.0,1.0
1777392391.35305,TLS,34,4.793345194191515,0.0,1.0,1.0
1777392392.211135,TLS,46,5.376716575575196,0.0,1.0,1.0
1777392393.545904,TLS,39,4.855789718806774,0.0,1.0,1.0
1777392393.66778,DTLS,51,4.882922155569726,0.0,1.0,1.0
1777392395.35517,TLS,39,5.234120167580196,0.0,1.0,1.0
1777392395.685078,TLS,32,4.8125,0.0,1.0,1.0
1777392395.906728,TLS,25,4.5638561897747225,0.0,1.0,1.0
1777392397.124514,TLS,32,4.8125,0.0,1.0,1.0
1777392397.824157,DTLS,43,4.922741860413651,0.0,1.0,1.0
1777392398.34255,TLS,25,4.483856189774722,0.0,1.0,1.0
1777392398.577437,TLS,45,5.225186429663006,0.0,1.0,1.0
1777392398.789297,TLS,27,4.532665279941249,0.0,1.0,1.0
1777392400.184646,DTLS,44,4.830988790128132,0.0,1.0,1.0
1777392400.609595,TLS,52,5.508132025833403,0.0,1.0,1.0
1777392401.337409,TLS,41,5.211210541203447,0.0,1.0,1.0
1777392401.889618,TLS,46,5.34964891257875,0.0,1.0,1.0
1777392402.911906,TLS,42,5.118275160770978,0.0,1.0,1.0
1777392403.263299,TLS,54,5.532665279941246,0.0,1.0,1.0
1777392403.562126,DTLS,51,5.169455058551828,0.0,1.0,1.0
1777392405.039826,TLS,43,5.12963946395411,0.0,1.0,1.0
1777392406.037901,TLS,50,5.483856189774728,0.0,1.0,1.0
1777392407.03655,TLS,38,5.037401197654114,0.0,1.0,1.0
1777392407.498329,TLS,28,4.664497779200462,0.0,1.0,1.0
1777392407.749694,DTLS,35,4.567812032533444,0.0,1.0,1.0
1777392408.850396,TLS,36,5.058813890331199,0.0,1.0,1.0
1777392409.755196,TLS,39,5.182838116298145,0.0,1.0,1.0
1777392411.496485,TLS,26,4.5465935642949376,0.0,1.0,1.0
1777392412.109565,DTLS,41,4.780686530120443,0.0,1.0,1.0
1777392412.875878,TLS,45,5.402964207440784,0.0,1.0,1.0
1777392413.162872,TLS,37,5.155399311574899,0.0,1.0,1.0
1777392414.646478,TLS,50,5.363856189774727,0.0,1.0,1.0
1777392415.005958,DTLS,35,4.396383461104873,0.0,1.0,1.0
1777392416.248636,DTLS,42,4.725650756112095,0.0,1.0,1.0
1777392416.383656,TLS,32,4.8125,0.0,1.0,1.0
1777392416.847677,TLS,42,5.154222184683524,0.0,1.0,1.0
1777392417.800043,TLS,38,5.142664355548852,0.0,1.0,1.0
1777392418.24867,TLS,39,5.028991962451991,0.0,1.0,1.0
1777392418.823302,TLS,54,5.481648844715997,0.0,1.0,1.0
1777392419.066533,TLS,50,5.403856189774728,0.0,1.0,1.0
1777392419.837151,DTLS,47,5.008812586690336,0.0,1.0,1.0
1777392420.803097,TLS,42,4.993391529870108,0.0,1.0,1.0
1777392421.089123,TLS,45,5.314075318551895,0.0,1.0,1.0
1777392421.975533,DTLS,45,4.921820108454047,0.0,1.0,1.0
1777392423.08776,TLS,51,5.397915538049928,0.0,1.0,1.0
1777392423.2158,TLS,27,4.6808134280893965,0.0,1.0,1.0
1777392425.075897,TLS,52,5.4696704873718645,0.0,1.0,1.0
1777392425.625018,TLS,38,5.090032776601483,0.0,1.0,1.0
1777392426.523695,DTLS,44,4.967352426491769,0.0,1.0,1.0
1777392426.647736,TLS,31,4.760647923290102,0.0,1.0,1.0
1777392427.613946,DTLS,47,5.051365778179698,0.0,1.0,1.0
1777392428.390572,TLS,53,5.435283190330613,0.0,1.0,1.0
1777392428.601979,TLS,37,5.047291203466791,0.0,1.0,1.0
1777392428.706074,TLS,37,5.047291203466791,0.0,1.0,1.0
1777392429.30996,TLS,50,5.388758439731458,0.0,1.0,1.0
1777392430.035803,DTLS,52,5.091757324787186,0.0,1.0,1.0
1777392430.901706,TLS,34,4.8887896794220005,0.0,1.0,1.0
1777392431.504186,DTLS,34,4.450654474944361,0.0,1.0,1.0
1777392431.80542,TLS,55,5.5268142589792015,0.0,1.0,1.0
1777392433.29338,TLS,50,5.523856189774727,0.0,1.0,1.0
1777392433.377017,DTLS,42,4.763594280955745,0.0,1.0,1.0
1777392434.44934,TLS,47,5.469482468698917,0.0,1.0,1.0
1777392434.894378,DTLS,40,4.780640983527282,0.0,1.0,1.0
1777392435.474016,TLS,31,4.760647923290102,0.0,1.0,1.0
1777392436.137761,TLS,55,5.549452668030775,0.0,1.0,1.0
1777392436.348879,TLS,48,5.334962500721159,0.0,1.0,1.0
1777392437.47905,TLS,48,5.334962500721159,0.0,1.0,1.0
1777392437.485969,DTLS,48,5.008889907921092,0.0,1.0,1.0
1777392438.174899,TLS,26,4.517559429596343,0.0,1.0,1.0
1777392438.808294,DTLS,47,4.966259395200975,0.0,1.0,1.0
1777392439.384836,TLS,41,5.259991029008325,0.0,1.0,1.0
1777392441.231672,TLS,41,5.113649565593692,0.0,1.0,1.0
1777392441.414871,DTLS,41,4.723405663154669,0.0,1.0,1.0
1777392441.630794,TLS,55,5.563177895342838,0.0,1.0,1.0
1777392442.695668,TLS,52,5.546593564294941,0.0,1.0,1.0
1777392443.148736,TLS,44,5.413977073182751,0.0,1.0,1.0
1777392443.377861,TLS,52,5.416691881561028,0.0,1.0,1.0
1777392443.924749,TLS,28,4.664497779200462,0.0,1.0,1.0
1777392445.813781,TLS,43,5.147194987260237,0.0,1.0,1.0
1777392445.948406,DTLS,46,4.96592098965694,0.0,1.0,1.0
1777392446.381591,TLS,44,5.277613436819115,0.0,1.0,1.0
1777392446.5571,TLS,27,4.606739354015323,0.0,1.0,1.0
1777392447.453627,TLS,43,5.286729870981167,0.0,1.0,1.0
1777392448.627558,TLS,35,4.900711588373536,0.0,1.0,1.0
1777392450.404344,DTLS,41,4.713494152018895,0.0,1.0,1.0
1777392450.5035,TLS,31,4.825164052322361,0.0,1.0,1.0
1777392451.87598,TLS,35,5.014997302659249,0.0,1.0,1.0
1777392452.429483,TLS,37,4.993237149412737,0.0,1.0,1.0
1777392452.778152,TLS,45,5.447408651885229,0.0,1.0,1.0
1777392453.448146,TLS,35,4.957854445516393,0.0,1.0,1.0
1777392454.229931,DTLS,44,4.921897881037223,0.0,1.0,1.0
1777392455.313281,TLS,54,5.384517131793097,0.0,1.0,1.0
1777392455.551113,TLS,39,5.080274013734042,0.0,1.0,1.0
1777392456.831315,TLS,43,5.333241498888144,0.0,1.0,1.0
1777392457.960823,DTLS,45,4.825186429663009,0.0,1.0,1.0
1777392458.823899,TLS,27,4.606739354015322,0.0,1.0,1.0
1777392459.945404,TLS,41,5.259991029008325,0.0,1.0,1.0
1777392460.549285,TLS,54,5.421554168830134,0.0,1.0,1.0
1777392461.312402,TLS,27,4.6808134280893965,0.0,1.0,1.0
1777392462.791748,DTLS,37,4.62427811010454,0.0,1.0,1.0
1777392463.083015,TLS,36,4.892147223664533,0.0,1.0,1.0
1777392463.724491,TLS,39,5.028991962451991,0.0,1.0,1.0
1777392464.123686,DTLS,37,4.506750662926249,0.0,1.0,1.0
1777392465.408607,TLS,47,5.240655075035864,0.0,1.0,1.0
1777392466.051514,DTLS,40,4.580640983527282,0.0,1.0,1.0
1777392466.083389,TLS,50,5.523856189774728,0.0,1.0,1.0
1777392467.099766,DTLS,51,5.208670744826337,0.0,1.0,1.0
1777392467.425944,TLS,25,4.403856189774723,0.0,1.0,1.0
1777392468.794884,TLS,42,5.136248672727251,0.0,1.0,1.0
1777392468.829138,DTLS,42,4.8768058881501135,0.0,1.0,1.0
1777392469.463704,TLS,46,5.289760053836066,0.0,1.0,1.0
1777392469.760518,TLS,53,5.46376951116697,0.0,1.0,1.0
1777392469.845512,DTLS,46,4.906032130914256,0.0,1.0,1.0
1777392470.115671,TLS,28,4.664497779200462,0.0,1.0,1.0
1777392471.906126,TLS,48,5.194235677759421,0.0,1.0,1.0
1777392472.983876,DTLS,52,5.24560347863334,0.0,1.0,1.0
1777392473.05725,TLS,33,4.983788058752396,0.0,1.0,1.0
1777392473.692587,TLS,31,4.696131794257844,0.0,1.0,1.0
1777392475.15605,TLS,31,4.7362967135428935,0.0,1.0,1.0
1777392476.249241,DTLS,37,4.495767637073095,0.0,1.0,1.0
1777392476.562295,TLS,52,5.58505510275648,0.0,1.0,1.0
1777392477.163864,TLS,40,5.171928094887363,0.0,1.0,1.0
1777392477.740995,TLS,54,5.606739354015319,0.0,1.0,1.0
1777392479.448592,TLS,27,4.578780557638898,0.0,1.0,1.0
1777392480.011215,DTLS,49,4.961648619625413,0.0,1.0,1.0
1777392480.753732,TLS,51,5.383113822321235,0.0,1.0,1.0
1777392481.379425,TLS,25,4.373660689688185,0.0,1.0,1.0
1777392482.113182,TLS,29,4.582118926162054,0.0,1.0,1.0
1777392483.423697,TLS,33,4.779094498080775,0.0,1.0,1.0
1777392483.830703,TLS,39,5.131556065016094,0.0,1.0,1.0
1777392484.812111,DTLS,53,5.206194332782004,0.0,1.0,1.0
1777392484.978896,TLS,38,5.090032776601483,0.0,1.0,1.0
1777392486.144619,TLS,28,4.593069207771891,0.0,1.0,1.0
1777392486.387583,TLS,53,5.473019039387216,0.0,1.0,1.0
1777392487.80052,TLS,29,4.651084443403434,0.0,1.0,1.0
1777392488.516911,DTLS,34,4.509478004356126,0.0,1.0,1.0
1777392491.343486,DTLS,50,5.210826500686662,0.0,1.0,1.0
1777392493.913002,DTLS,45,4.921820108454047,0.0,1.0,1.0
1777392496.489482,DTLS,48,5.092223241254425,0.0,1.0,1.0
1777392500.02664,DTLS,34,4.509478004356126,0.0,1.0,1.0
1777392501.789078,DTLS,39,4.678953899518575,0.0,1.0,1.0
1777392504.551586,DTLS,36,4.491970224871013,0.0,1.0,1.0
1777392506.9118,DTLS,34,4.450654474944361,0.0,1.0,1.0
1777392508.321319,DTLS,51,5.130239372277317,0.0,1.0,1.0
1777392509.926378,DTLS,36,4.4573837665977765,0.0,1.0,1.0
1777392514.722173,DTLS,52,5.161978179679556,0.0,1.0,1.0
1777392515.824177,DTLS,39,4.627671848236524,0.0,1.0,1.0
1777392519.280453,DTLS,37,4.678332164158594,0.0,1.0,1.0
1777392522.818091,DTLS,44,4.967352426491769,0.0,1.0,1.0
1777392526.227208,DTLS,48,4.9931630849593525,0.0,1.0,1.0
1777392527.718577,DTLS,48,5.092223241254424,0.0,1.0,1.0
1777392532.690988,DTLS,47,4.923706203711613,0.0,1.0,1.0
1777392535.612568,DTLS,42,4.715975233336697,0.0,1.0,1.0
1777392536.956107,DTLS,36,4.4573837665977765,0.0,1.0,1.0
1777392540.954803,DTLS,41,4.878247505730199,0.0,1.0,1.0
1777392543.869291,DTLS,38,4.447759830376041,0.0,1.0,1.0
1777392546.934629,DTLS,39,4.781518002082677,0.0,1.0,1.0
1777392551.738571,DTLS,49,5.009577508311061,0.0,1.0,1.0
1777392554.185581,DTLS,50,5.130826500686662,0.0,1.0,1.0
1777392558.842164,DTLS,49,4.994171640919969,0.0,1.0,1.0
1777392561.034523,DTLS,53,5.1684584837254,0.0,1.0,1.0
1777392565.487823,DTLS,41,4.731906042315565,0.0,1.0,1.0
1777392568.56141,DTLS,38,4.572888448854028,0.0,1.0,1.0
1777392570.984195,DTLS,40,4.830640983527282,0.0,1.0,1.0
1777392574.114564,DTLS,49,5.034987967450582,0.0,1.0,1.0
1777392576.433224,DTLS,40,4.6306409835272815,0.0,1.0,1.0
1777392579.886137,DTLS,39,4.730235950800626,0.0,1.0,1.0
1777392584.110452,DTLS,45,4.905044830628192,0.0,1.0,1.0
1777392588.069944,DTLS,40,4.830640983527282,0.0,1.0,1.0
1777392589.869616,DTLS,48,5.133889907921092,0.0,1.0,1.0
1777392592.291866,DTLS,33,4.448894590437145,0.0,1.0,1.0
1777392597.25028,DTLS,41,4.780686530120443,0.0,1.0,1.0
1777392600.139241,DTLS,39,4.730235950800626,0.0,1.0,1.0
1777392603.909328,DTLS,44,4.967352426491769,0.0,1.0,1.0
1777392606.698239,DTLS,44,5.012806971946314,0.0,1.0,1.0
1777392611.518241,DTLS,44,4.921897881037223,0.0,1.0,1.0
1777392612.840394,DTLS,36,4.568494877708887,0.0,1.0,1.0
1777392614.747777,DTLS,39,4.730235950800626,0.0,1.0,1.0
1777392617.098727,DTLS,48,5.133889907921092,0.0,1.0,1.0
1777392620.594993,DTLS,52,5.207141940171802,0.0,1.0,1.0
1777392624.956735,DTLS,48,4.925556574587758,0.0,1.0,1.0
1777392629.593532,DTLS,44,4.876443335582677,0.0,1.0,1.0
1777392633.792107,DTLS,35,4.386425874087822,0.0,1.0,1.0
1777392638.130702,DTLS,36,4.568494877708887,0.0,1.0,1.0
1777392642.76981,DTLS,39,4.678953899518575,0.0,1.0,1.0
1777392645.681942,DTLS,38,4.625520027801397,0.0,1.0,1.0
1777392648.417642,DTLS,53,5.206194332782004,0.0,1.0,1.0
1777392650.747711,DTLS,45,4.921820108454047,0.0,1.0,1.0
1777392653.600353,DTLS,35,4.5106691753905865,0.0,1.0,1.0
1777392657.499547,DTLS,38,4.572888448854028,0.0,1.0,1.0
1777392662.471997,DTLS,33,4.448894590437145,0.0,1.0,1.0
1777392664.0766,DTLS,47,5.051365778179698,0.0,1.0,1.0
1777392668.302608,DTLS,37,4.516170001996432,0.0,1.0,1.0
1777392671.748901,DTLS,52,5.053295786325647,0.0,1.0,1.0
1777392676.670125,DTLS,44,4.876443335582677,0.0,1.0,1.0
1777392678.293775,DTLS,50,4.970826500686661,0.0,1.0,1.0
1777392679.81771,DTLS,33,4.388288529831084,0.0,1.0,1.0
1777392684.015138,DTLS,53,5.092986785612192,0.0,1.0,1.0
1777392685.426226,DTLS,37,4.678332164158594,0.0,1.0,1.0
1777392688.161464,DTLS,39,4.781518002082677,0.0,1.0,1.0
1777392692.466085,DTLS,39,4.781518002082677,0.0,1.0,1.0
1777392693.57806,DTLS,39,4.730235950800626,0.0,1.0,1.0
1777392695.749927,DTLS,40,4.780640983527282,0.0,1.0,1.0
1777392699.804646,DTLS,43,4.969253488320628,0.0,1.0,1.0
1777392701.842105,DTLS,46,4.96592098965694,0.0,1.0,1.0
1777392706.178885,DTLS,34,4.450654474944361,0.0,1.0,1.0
1777392710.818953,DTLS,44,4.967352426491769,0.0,1.0,1.0
1777392715.409769,DTLS,51,5.130239372277319,0.0,1.0,1.0
1777392719.669957,DTLS,49,5.091210161372285,0.0,1.0,1.0
1777392722.35247,DTLS,49,5.132026487902897,0.0,1.0,1.0
1777392723.875523,DTLS,37,4.516170001996432,0.0,1.0,1.0
1777392726.96955,DTLS,33,4.327682469225024,0.0,1.0,1.0
1777392731.460772,DTLS,38,4.605654567218148,0.0,1.0,1.0
1777392734.894991,DTLS,37,4.516170001996432,0.0,1.0,1.0
1777392736.584378,DTLS,48,5.050556574587759,0.0,1.0,1.0
1777392740.060782,DTLS,36,4.512939322153332,0.0,1.0,1.0
1777392743.286685,DTLS,43,4.876230232506674,0.0,1.0,1.0
1777392747.016011,DTLS,49,5.17284281443351,0.0,1.0,1.0
1777392750.237778,DTLS,36,4.512939322153332,0.0,1.0,1.0
1777392754.770689,DTLS,34,4.450654474944361,0.0,1.0,1.0
1777392756.764667,DTLS,41,4.674625175349791,0.0,1.0,1.0
1777392757.933462,DTLS,36,4.436414669315457,0.0,1.0,1.0
1777392760.964318,DTLS,50,4.955728750643392,0.0,1.0,1.0
1777392762.075781,DTLS,35,4.5106691753905865,0.0,1.0,1.0
1777392764.848775,DTLS,52,5.207141940171802,0.0,1.0,1.0
1777392769.742216,DTLS,52,5.168680401710262,0.0,1.0,1.0
1777392772.790862,DTLS,41,4.829467017925321,0.0,1.0,1.0
1777392775.600245,DTLS,50,5.210826500686662,0.0,1.0,1.0
1777392779.829693,DTLS,49,5.034987967450582,0.0,1.0,1.0
1777392784.595698,DTLS,49,5.213659140964122,0.0,1.0,1.0
1777392789.10184,DTLS,41,4.829467017925321,0.0,1.0,1.0
1777392793.792977,DTLS,39,4.678953899518575,0.0,1.0,1.0
1777392798.152976,DTLS,37,4.570224056050487,0.0,1.0,1.0
1777392800.819524,DTLS,45,4.966264552898492,0.0,1.0,1.0
1777392803.587996,DTLS,35,4.329283016944965,0.0,1.0,1.0
1777392807.272618,DTLS,46,5.0093992505265055,0.0,1.0,1.0
1777392808.565101,DTLS,42,4.763594280955745,0.0,1.0,1.0
1777392812.700845,DTLS,37,4.62427811010454,0.0,1.0,1.0
1777392817.458864,DTLS,53,5.154215323307221,0.0,1.0,1.0
1777392821.09989,DTLS,37,4.570224056050486,0.0,1.0,1.0
1777392823.112322,DTLS,37,4.62427811010454,0.0,1.0,1.0
1777392827.982501,DTLS,40,4.680640983527282,0.0,1.0,1.0
1777392831.969229,DTLS,36,4.436414669315457,0.0,1.0,1.0
1777392834.562257,DTLS,48,5.008889907921092,0.0,1.0,1.0
1777392836.213438,DTLS,40,4.730640983527282,0.0,1.0,1.0
1777392837.859302,DTLS,46,4.922442728787376,0.0,1.0,1.0
1777392842.835592,DTLS,45,4.788486775120714,0.0,1.0,1.0
1777392845.192057,DTLS,39,4.502599013401201,0.0,1.0,1.0
1777392847.618516,DTLS,35,4.5106691753905865,0.0,1.0,1.0
1777392851.507119,DTLS,33,4.448894590437145,0.0,1.0,1.0
1777392853.859038,DTLS,47,5.051365778179697,0.0,1.0,1.0
1777392856.620871,DTLS,33,4.244201029765524,0.0,1.0,1.0
1777392859.158249,DTLS,49,5.17284281443351,0.0,1.0,1.0
1777392862.653957,DTLS,49,5.132026487902897,0.0,1.0,1.0
1777392867.497056,DTLS,36,4.4573837665977765,0.0,1.0,1.0
1777392872.437389,DTLS,40,4.730640983527281,0.0,1.0,1.0
1777392877.324173,DTLS,36,4.512939322153332,0.0,1.0,1.0
1777392878.660418,DTLS,41,4.772186150959547,0.0,1.0,1.0
1777392879.818771,DTLS,38,4.625520027801397,0.0,1.0,1.0
1777392881.900555,DTLS,37,4.678332164158594,0.0,1.0,1.0
1777392886.179664,DTLS,41,4.780686530120443,0.0,1.0,1.0
1777392888.803455,DTLS,50,5.170826500686662,0.0,1.0,1.0
1777392893.480141,DTLS,51,5.169455058551828,0.0,1.0,1.0
1777392896.45859,DTLS,43,4.8216135919114,0.0,1.0,1.0
1777392897.816438,DTLS,34,4.391830945532597,0.0,1.0,1.0
1777392902.014789,DTLS,38,4.572888448854028,0.0,1.0,1.0
1777392904.716057,DTLS,35,4.339240603962016,0.0,1.0,1.0
1777392573.0447223,TLS,98,6.158027318582933,739.776611328125,1.0,
1777392574.5805132,DTLS,3134,7.9351908548186065,0.0,-2.0,
1777392575.6629453,TLS,331,7.238522782834352,701.0087966918945,1.0,
1777392576.6835022,DTLS,713,7.714800402027635,0.0,-2.0,
1777392576.6943111,DTLS,713,7.714800402027635,0.0,-5.0,
1777392576.7039945,DTLS,713,7.714800402027635,0.0,1.0,
1777392576.7148316,DTLS,713,7.714800402027635,0.0,1.0,
1777392576.723874,DTLS,713,7.714800402027635,0.0,1.0,
1777392576.7352314,DTLS,699,7.724991876611575,0.0,1.0,
1777392576.745118,DTLS,699,7.724991876611575,0.0,1.0,
1777392576.7567844,DTLS,699,7.724991876611575,0.0,1.0,
1777392576.7661684,DTLS,699,7.724991876611575,0.0,1.0,
1777392576.7771752,DTLS,699,7.724991876611575,0.0,1.0,
1777393640.5094647,TLS,22,0.0,1.0,,
1777393641.5214994,DTLS,20,0.0,1.0,,
1777393642.5434697,TLS,22,0.0,1.0,,
1777393643.556111,DTLS,20,0.0,1.0,,
1777393644.5761356,TLS,22,0.0,1.0,,
1777393645.587563,DTLS,20,0.0,1.0,,
1777393646.6059997,TLS,22,0.0,1.0,,
1777393647.6180952,DTLS,20,0.0,1.0,,
1777393648.6375284,TLS,22,0.0,1.0,,
1777393649.6496713,DTLS,20,0.0,1.0,,
1777393650.6704323,TLS,22,0.0,1.0,,
1777393651.6822922,DTLS,20,0.0,1.0,,
1777393652.3693995,DTLS,680,0.0,-5.0,,
1777393652.3813236,DTLS,680,0.0,1.0,,
1777393652.390382,DTLS,680,0.0,1.0,,
1777393652.4016953,DTLS,680,0.0,1.0,,
1777393652.412363,DTLS,680,0.0,1.0,,
1777393652.7015936,TLS,22,0.0,1.0,,
1777393653.7146716,DTLS,20,0.0,1.0,,
1777393654.7348058,TLS,22,0.0,1.0,,
1777393655.6758187,TLS,490,0.0,-5.0,,
1777393655.7464929,DTLS,20,0.0,1.0,,
1777393656.7644544,TLS,22,0.0,1.0,,
1777393657.776249,DTLS,20,0.0,1.0,,
1777393658.7962992,TLS,22,0.0,1.0,,
1777393659.8079038,DTLS,21,0.0,1.0,,
1777393660.8245063,TLS,22,0.0,1.0,,
1777393661.6827404,DTLS,4000,0.0,-2.0,,
1777393661.836372,DTLS,20,0.0,1.0,,
1777393662.8549452,TLS,22,0.0,1.0,,
1777393663.8670557,DTLS,20,0.0,1.0,,
1777393664.8877182,TLS,22,0.0,1.0,,
1777393665.3531194,TLS,330,0.0,-4.0,,
1777393665.900488,DTLS,20,0.0,1.0,,
1777393666.9199035,TLS,22,0.0,1.0,,
1777393667.9318686,DTLS,20,0.0,1.0,,
1777393668.951848,TLS,22,0.0,1.0,,
1777393669.9627016,DTLS,20,0.0,1.0,,
1777393670.983333,TLS,22,0.0,1.0,,
1777393671.9953787,DTLS,20,0.0,1.0,,
1777393672.076247,TLS,330,0.0,-4.0,,
1777393673.0155702,TLS,22,0.0,1.0,,
1777393673.4939215,DTLS,4000,0.0,-2.0,,
1777393674.027381,DTLS,20,0.0,1.0,,
1777393675.048527,TLS,22,0.0,1.0,,
1777393676.059978,DTLS,20,0.0,1.0,,
1777393677.0801804,TLS,22,1.0166168212890625,1.0,,
1777393678.092555,DTLS,20,0.0,1.0,,
1777393679.1128542,TLS,22,0.0,1.0,,
1777393680.1249287,DTLS,20,0.0,1.0,,
1777393681.1435905,TLS,22,0.0,1.0,,
1777393682.1562283,DTLS,20,0.0,1.0,,
1777394006.0936482,DTLS,20,0.0,1.0,,
1777394007.1150904,TLS,22,0.0,1.0,,
1777394008.127522,DTLS,20,0.0,1.0,,
1777394009.1475215,TLS,22,0.0,1.0,,
1777394010.1601815,DTLS,21,0.0,1.0,,
1777394011.182451,TLS,22,0.0,1.0,,
1777394012.1951602,DTLS,20,0.0,1.0,,
1777394013.2152054,TLS,22,0.0,1.0,,
1777394014.2259736,DTLS,20,0.0,1.0,,
1777394015.2480092,TLS,22,0.0,1.0,,
1777394016.260122,DTLS,20,0.0,1.0,,
1777394017.277379,TLS,22,0.0,1.0,,
1777394018.2894535,DTLS,20,0.0,1.0,,
1777394019.3086116,TLS,22,0.0,1.0,,
1777394020.3192604,DTLS,20,0.0,1.0,,
1777394021.3388004,TLS,22,0.0,1.0,,
1777394022.351913,DTLS,20,0.0,1.0,,
1777394023.370825,TLS,22,0.0,1.0,,
1777394024.382306,DTLS,20,0.0,1.0,,
1777394025.4045908,TLS,22,0.0,1.0,,
1777394026.4164362,DTLS,21,0.0,1.0,,
1777394027.4374433,TLS,22,0.0,1.0,,
1777394028.4517562,DTLS,20,0.0,1.0,,
1777394029.471044,TLS,22,0.0,1.0,,
1777394030.4836771,DTLS,20,0.0,1.0,,
1777394031.502481,TLS,22,0.0,1.0,,
1777394032.5142398,DTLS,20,0.0,1.0,,
1777394032.5274775,TLS,1024,0.0,1.0,,
1777394033.5358045,TLS,22,0.0,1.0,,
1777394034.5475636,DTLS,20,0.0,1.0,,
1777394035.1153092,TLS,1024,0.0,-1.0,,
1777394035.568293,TLS,22,0.0,1.0,,
1777394036.5803535,DTLS,20,0.0,1.0,,
1777394037.6019113,TLS,22,0.0,1.0,,
1777394038.6144805,DTLS,20,0.0,1.0,,
1777394039.6339352,TLS,22,0.0,1.0,,
1777394040.645932,DTLS,20,0.0,1.0,,
1777394041.666142,TLS,22,0.0,1.0,,
1777394042.678233,DTLS,20,0.0,1.0,,
1777394043.6987684,TLS,22,0.0,1.0,,
1777394044.710795,DTLS,20,0.0,1.0,,
1777394045.7321875,TLS,22,0.0,1.0,,
1777394046.7450829,DTLS,20,0.0,1.0,,
1777394047.7642736,TLS,22,0.0,1.0,,
1777394048.7755857,DTLS,20,0.0,1.0,,
1777394049.7952788,TLS,22,0.0,1.0,,
1777394050.8063982,DTLS,20,0.0,1.0,,
1777394051.8277297,TLS,22,0.0,1.0,,
1777394052.8388393,DTLS,20,0.0,1.0,,
1777394053.8583665,TLS,22,0.0,1.0,,
1777394054.870912,DTLS,20,0.0,1.0,,
1777394055.891128,TLS,22,0.0,1.0,,
1777394056.904046,DTLS,20,0.0,1.0,,
1777394057.9237683,TLS,22,0.0,1.0,,
1777394058.934227,DTLS,20,0.0,1.0,,
1777394059.953917,TLS,22,0.0,1.0,,
1777394060.9645796,DTLS,20,0.0,1.0,,
1777394061.9847715,TLS,22,0.0,1.0,,
1777394062.9953349,DTLS,20,0.0,1.0,,
1777394064.0129912,TLS,22,0.0,1.0,,
1777394065.0250988,DTLS,20,0.0,1.0,,
1777394066.0464003,TLS,22,0.0,1.0,,
1777394067.0582528,DTLS,20,0.0,1.0,,
1777394068.0778143,TLS,22,0.0,1.0,,
1777394069.0908554,DTLS,20,0.0,1.0,,
1777394070.1152885,TLS,22,0.0,1.0,,
1777394071.127808,DTLS,20,0.0,1.0,,
1777394072.1490147,TLS,22,0.0,1.0,,
1777394073.1611009,DTLS,20,0.0,1.0,,
1777394074.1820865,TLS,22,0.0,1.0,,
1777394075.1951385,DTLS,20,0.0,1.0,,
1777394076.213813,TLS,22,0.0,1.0,,
1777394077.2263415,DTLS,20,0.0,1.0,,
1777394078.2470093,TLS,22,0.0,1.0,,
1777394079.2570052,DTLS,20,0.0,1.0,,
1777394080.274698,TLS,22,0.0,1.0,,
1777394081.2862115,DTLS,20,0.0,1.0,,
1777394082.3117754,TLS,22,0.0,1.0,,
1777394083.3225377,DTLS,20,0.0,1.0,,
1777394084.3399909,TLS,22,0.0,1.0,,
1777394085.3515406,DTLS,20,0.0,1.0,,
1777394086.138929,TLS,1024,1.6613006591796875,-1.0,,
1777394086.370905,TLS,22,0.0,1.0,,
1777394087.3843436,DTLS,20,0.0,1.0,,
1777394088.402696,TLS,22,0.0,1.0,,
1777394089.4142306,DTLS,20,0.0,1.0,,
1777394090.4353602,TLS,22,0.0,1.0,,
1777394091.4477887,DTLS,20,0.0,1.0,,
1777394092.466183,TLS,22,0.0,1.0,,
1777394093.477509,DTLS,20,0.0,1.0,,
1777394094.496827,TLS,22,0.0,1.0,,
1777394095.5091605,DTLS,20,0.0,1.0,,
1777394096.5300157,TLS,22,0.0,1.0,,
1777394097.541889,DTLS,20,0.0,1.0,,
1777394098.5602534,TLS,22,0.0,1.0,,
1777394099.5729322,DTLS,20,0.0,1.0,,
1777394100.593572,TLS,22,0.0,1.0,,
1777394101.6046858,DTLS,20,0.0,1.0,,
1777394102.6250792,TLS,22,0.0,1.0,,
1777394103.6362305,DTLS,20,0.0,1.0,,
1777394104.6571898,TLS,22,0.0,1.0,,
1777394105.6699169,DTLS,20,0.0,1.0,,
1777394106.6897256,TLS,22,0.0,1.0,,
1777394107.703741,DTLS,20,0.0,1.0,,
1777394108.7223735,TLS,22,0.0,1.0,,
1777394109.735489,DTLS,20,0.0,1.0,,
1777394110.7563937,TLS,22,0.0,1.0,,
1777394111.7695477,DTLS,20,0.0,1.0,,
1777394112.7887838,TLS,22,0.0,1.0,,
1777394113.808066,DTLS,20,0.0,1.0,,
1777394114.8255918,TLS,22,0.0,1.0,,
1777394115.816171,DTLS,1201,0.0,-1.0,,
1777394115.8380787,DTLS,20,0.0,1.0,,
1777394116.8574066,TLS,22,0.0,1.0,,
1777394117.8685875,DTLS,20,0.0,1.0,,
1777394118.888676,TLS,22,1.0933876037597656,1.0,,
1777394119.9013944,DTLS,20,0.0,1.0,,
1777394120.920091,TLS,22,0.0,1.0,,
1777394121.932829,DTLS,20,0.0,1.0,,
1777394122.9530802,TLS,22,1.008749008178711,1.0,,
1777394123.966263,DTLS,20,0.0,1.0,,
1777394124.9859977,TLS,22,0.0,1.0,,
1777394125.99813,DTLS,20,0.0,1.0,,
1777394127.0172358,TLS,22,0.0,1.0,,
1777394128.0289326,DTLS,20,0.0,1.0,,
1777394129.0478425,TLS,22,0.0,1.0,,
1777394130.0600233,DTLS,20,0.0,1.0,,
1777394131.0789702,TLS,22,0.0,1.0,,
1777394132.0927873,DTLS,20,0.0,1.0,,
1777394133.1117344,TLS,22,0.0,1.0,,
1777394134.1246047,DTLS,21,0.0,1.0,,
1777394135.145917,TLS,22,0.0,1.0,,
1777394136.1581333,DTLS,20,0.0,1.0,,
1777394137.1801956,TLS,22,0.0,1.0,,
1777394138.1920671,DTLS,20,0.0,1.0,,
1777394139.2117534,TLS,22,0.0,1.0,,
1777394140.2226434,DTLS,20,0.0,1.0,,
1777394141.2433794,TLS,22,0.0,1.0,,
1777394142.25735,DTLS,20,0.0,1.0,,
1777394143.2954571,TLS,22,0.0,1.0,,
1777394144.3159518,DTLS,20,0.0,1.0,,
1777394145.3493843,TLS,22,0.0,1.0,,
1777394146.3674605,DTLS,20,0.0,1.0,,
1777394147.3975115,TLS,22,0.0,1.0,,
1777394148.4135196,DTLS,20,0.0,1.0,,
1777394149.4436717,TLS,22,0.0,1.0,,
1777394150.4622245,DTLS,20,0.0,1.0,,
1777394151.4953244,TLS,22,0.0,1.0,,
1777394152.516328,DTLS,20,0.0,1.0,,
1777394153.5451546,TLS,22,0.0,1.0,,
1777394154.5698757,DTLS,20,0.0,1.0,,
1777394155.6047606,TLS,22,0.0,1.0,,
1777394156.623973,DTLS,20,0.0,1.0,,
1777394157.6538703,TLS,22,0.0,1.0,,
1777394158.6726766,DTLS,20,0.0,1.0,,
1777394159.703861,TLS,22,0.0,1.0,,
1777394160.7224798,DTLS,20,0.0,1.0,,
1777394161.745124,TLS,22,0.0,1.0,,
1777394162.7574694,DTLS,20,0.0,1.0,,
1777394163.7781882,TLS,22,0.0,1.0,,
1777394164.791174,DTLS,20,0.0,1.0,,
1777394165.8125286,TLS,22,0.0,1.0,,
1777394166.825242,DTLS,20,0.0,1.0,,
1777395817.581759,TLS,22,0.0,1
1777395818.5998569,DTLS,20,0.0,1
1777395819.625825,TLS,22,0.0,1
1777395820.646139,DTLS,20,0.0,1
1777395821.67225,TLS,22,1.0051727294921875,1
1777395822.6911595,DTLS,20,0.0,1
1777395823.7211792,TLS,22,0.0,1
1777395824.7400405,DTLS,20,0.0,1
1777395825.7685125,TLS,22,0.0,1
1777395826.7891667,DTLS,20,0.0,1
1777395827.8172743,TLS,22,0.0,1
1777395828.8365343,DTLS,20,0.0,1
1777395829.8615897,TLS,22,0.0,1
1777395830.1191418,DTLS,1201,0.0,1
1777395830.880719,DTLS,20,0.0,1
1777395831.9083338,TLS,22,0.0,1
1777395832.9286728,DTLS,20,0.0,1
1777395833.9562922,TLS,22,0.0,1
1777395834.9754763,DTLS,20,0.0,1
1777395834.9943492,DTLS,1201,0.0,1
1777395836.0026586,TLS,22,0.0,1
1777395836.662815,DTLS,680,0.0,-5
1777395836.6825526,DTLS,680,0.0,1
1777395836.701024,DTLS,680,0.0,1
1777395836.7201908,DTLS,680,0.0,1
1777395836.7381501,DTLS,680,0.0,1
1777395837.0224507,DTLS,20,0.0,1
1777395838.0487165,TLS,22,0.0,1
1777395838.7774975,TLS,1024,0.0,1
1777395839.0681207,DTLS,20,0.0,1
1777395840.096141,TLS,22,0.0,1
1777395841.014148,TLS,330,0.0,-4
1777395841.114411,DTLS,20,0.0,1
1777395842.1405401,TLS,22,0.0,1
1777395843.1592925,DTLS,20,0.0,1
1777395843.33643,TLS,330,0.0,-4
1777395844.1852775,TLS,22,0.0,1
1777395845.206464,DTLS,20,0.0,1
1777395845.667038,TLS,490,0.0,1
1777395846.2334435,TLS,22,0.0,1
1777395847.2547884,DTLS,20,0.0,1
1777395848.2828655,TLS,22,0.0,1
1777395848.5049953,DTLS,1201,0.0,1
1777395849.3017578,DTLS,20,0.0,1
1777395850.3304448,TLS,22,0.0,1
1777395851.3497956,DTLS,20,0.0,1
1777395852.3761046,TLS,22,0.0,1
1777395853.3963284,DTLS,20,0.0,1
1777395854.4227016,TLS,22,0.0,1
1777395855.2410324,TLS,490,0.0,-3
1777395855.4435802,DTLS,20,0.0,1
1777395856.4695947,TLS,22,0.0,1
1777395857.2130673,TLS,330,0.0,-4
1777395857.4889874,DTLS,20,0.0,1
1777395858.514208,TLS,22,0.0,1
1777395858.950043,DTLS,680,0.0,-5
1777395858.9671524,DTLS,680,0.0,1
1777395858.9843392,DTLS,680,0.0,1
1777395859.0017753,DTLS,680,0.0,1
1777395859.019103,DTLS,680,0.0,1
1777395859.5334933,DTLS,20,0.0,1
1777395860.5321896,DTLS,4000,0.0,-2
1777395860.5606108,TLS,22,0.5095005035400391,1
1777395861.579953,DTLS,20,0.0,1
1777395861.734955,TLS,490,0.0,1
1777395862.6090367,TLS,22,0.0,1
1777395862.831277,TLS,490,0.0,1
1777395863.6293912,DTLS,20,0.0,1
1777395864.399334,TLS,490,0.0,-3
1777395864.6555064,TLS,22,0.0,1
1777395865.6756623,DTLS,20,0.0,1
1777395865.8109262,TLS,330,0.0,-4
1777395866.7024884,TLS,22,0.0,1
1777395867.7226338,DTLS,20,0.0,1
1777395868.3337219,DTLS,4000,0.0,-2
1777395868.749075,TLS,22,0.0,1
1777395869.7680182,DTLS,20,0.0,1
1777395870.0082703,DTLS,4000,0.0,-2
1777395870.796053,TLS,22,0.0,1
1777395871.5662715,DTLS,1201,0.0,1
1777395871.8159297,DTLS,20,0.0,1
1777395872.8429794,TLS,22,0.0,1
1777395873.8613093,DTLS,20,0.0,1
1777395874.50484,DTLS,1201,0.0,1
1777395874.8889422,TLS,22,0.0,1
1777395875.8404086,DTLS,1201,0.0,1
1777395875.9061465,DTLS,20,0.0,1
1777395876.9331858,TLS,22,0.0,1
1777395877.9522738,DTLS,20,0.0,1
1777395878.9779375,TLS,22,0.0,1
1777395879.7568104,TLS,1024,0.0,1
1777395879.9959836,DTLS,20,0.0,1
1777395881.0211747,TLS,22,0.0,1
1777395882.0398254,DTLS,20,0.0,1
1777395883.065277,TLS,22,0.0,1
1777395883.5688384,TLS,330,0.0,-4
1777395884.0825949,DTLS,20,0.0,1
1777395885.1096385,TLS,22,0.0,1
1777395886.1290514,DTLS,20,0.0,1
1777395886.2971241,TLS,1024,0.0,1
1777395887.157205,TLS,22,0.0,1
1777395888.1756687,DTLS,20,0.0,1
1777395888.3805723,TLS,330,0.0,-4
1777395889.2031662,TLS,22,0.0,1
1777395890.2237968,DTLS,20,0.0,1
1777395891.2519348,TLS,22,0.0,1
1777396263.4251187,TLS,22,0.5753040313720703,1
1777396264.4517431,DTLS,20,0.0,1
1777396265.4880302,TLS,22,0.0,1
1777396266.516143,DTLS,20,0.0,1
1777396267.558048,TLS,22,0.0,1
1777396268.5861435,DTLS,20,0.0,1
1777396269.6209607,TLS,22,0.48470497131347656,1
1777396270.648414,DTLS,20,0.0,1
1777396271.6835601,TLS,22,0.0,1
1777396272.2671528,DTLS,2495,0.0,-1
1777396272.7111495,DTLS,20,0.0,1
1777396273.7435246,TLS,22,0.0,1
1777396274.7708385,DTLS,20,0.0,1
1777396275.8074167,TLS,22,0.0,1
1777396276.8325925,DTLS,21,0.0,1
1777396277.8698757,TLS,22,0.0,1
1777396278.8959975,DTLS,20,0.0,1
1777396279.928582,TLS,22,0.0,1
1777396280.9572482,DTLS,20,0.0,1
1777396281.992175,TLS,22,0.0,1
1777396283.0194128,DTLS,20,0.0,1
1777396284.0548894,TLS,22,1.0027885437011719,1
1777396285.081597,DTLS,20,0.0,1
1777396286.1143327,TLS,22,0.0,1
1777396287.1407382,DTLS,20,0.0,1
1777396288.1765428,TLS,22,0.0,1
1777396289.2029006,DTLS,20,0.0,1
1777396290.2365003,TLS,22,0.0,1
1777396291.2639008,DTLS,20,0.0,1
1777396292.2997782,TLS,22,0.0,1
1777396293.326584,DTLS,20,0.0,1
1777396294.3611856,TLS,22,0.0,1
1777396295.3862283,DTLS,20,0.0,1
1777396296.420873,TLS,22,0.0,1
1777396297.4463494,DTLS,20,0.0,1
1777396298.4823377,TLS,22,0.0,1
1777396299.5078592,DTLS,20,0.0,1
1777396300.5370083,TLS,22,0.0,1
1777396441.8109808,TLS,22,0.0,1
1777396442.8360288,DTLS,20,0.0,1
1777396443.8688753,TLS,22,0.0,1
1777396444.8967516,DTLS,20,0.0,1
1777396445.9293582,TLS,22,0.0,1
1777396446.9564314,DTLS,20,0.0,1
1777396447.1707954,TLS,330,0.0,1
1777396447.991051,TLS,22,0.0,1
1777396449.0159616,DTLS,21,0.0,1
1777396450.0495949,TLS,22,0.0,1
1777396450.170872,TLS,490,0.0,1
1777396451.0745528,DTLS,20,0.0,1
1777396452.1098268,TLS,22,0.0,1
1777396452.5955153,DTLS,1201,0.0,-1
1777396453.138909,DTLS,20,0.0,1
1777396454.1716888,TLS,22,0.0,1
1777396455.081619,DTLS,4000,0.0,-2
1777396455.1971319,DTLS,20,0.0,1
1777396456.2347245,TLS,22,0.9999275207519531,1
1777396457.2613738,DTLS,20,0.0,1
1777396457.9594188,DTLS,1201,0.0,-1
1777396458.2967296,TLS,22,0.0,1
1777396459.3225622,DTLS,20,0.0,1
1777396460.226311,DTLS,1201,0.0,-1
1777396460.3570035,TLS,22,0.0,1
1777396461.3834445,DTLS,20,0.0,1
1777396462.4164472,TLS,22,0.5216598510742188,1
1777396462.9035017,DTLS,2495,1.6219615936279297,-1
1777396463.443309,DTLS,20,0.0,1
1777396464.4775255,TLS,22,0.0,1
1777396465.5036142,DTLS,20,0.0,1
1777396466.538508,TLS,22,0.0,1
1777396467.5639365,DTLS,20,0.0,1
1777396468.6035008,TLS,22,0.0,1
1777396469.1561675,TLS,330,0.0,-4
1777396469.6292017,DTLS,20,0.0,1
1777396470.6630864,TLS,22,0.0,1
1777396471.69278,DTLS,20,0.0,1
1777396471.8101602,DTLS,1201,0.0,-1
1777396472.7271483,TLS,22,0.0,1
1777396473.7537897,DTLS,20,0.0,1
1777396474.0178914,DTLS,4000,0.0,-2
1777396474.7877567,TLS,22,0.0,1
1777396475.8142755,DTLS,20,0.0,1
1777396476.6375313,DTLS,4000,0.0,-2
1777396476.8478765,TLS,22,0.0,1
1777396477.8739016,DTLS,20,0.0,1
1777396478.2147477,DTLS,2495,0.0,-1
1777396478.9105222,TLS,22,0.0,1
1777396479.9348462,DTLS,20,0.0,1
1777396480.3002403,DTLS,1201,0.0,-1
1777396480.9652147,TLS,22,0.0,1
1777396481.992448,DTLS,20,0.0,1
1777396483.0285468,TLS,22,0.0,1
1777396484.0549247,DTLS,20,0.0,1
1777396485.0903025,TLS,22,0.0,1
1777396486.1160169,DTLS,20,0.0,1
1777396487.152256,TLS,22,0.0,1
1777396488.1786804,DTLS,20,0.0,1
1777396489.212853,TLS,22,0.0,1
1777396490.2402768,DTLS,20,0.0,1
1777396491.274752,TLS,22,0.0,1
1777396492.3016825,DTLS,20,0.0,1
1777396493.3389199,TLS,22,0.0,1
1777396494.3672202,DTLS,20,0.0,1
1777396495.4022055,TLS,22,0.0,1
1777396496.428257,DTLS,20,0.0,1
1777396497.4608624,TLS,22,0.0,1
1777396498.4880412,DTLS,20,0.0,1
1777396499.5245337,TLS,22,0.9984970092773438,1
1777396500.551876,DTLS,20,0.0,1
1777396501.5906563,TLS,22,0.0,1
1777396502.6170018,DTLS,20,0.0,1
1777396503.6525352,TLS,22,0.0,1
1777396504.683539,DTLS,20,0.0,1
1777396505.7177994,TLS,22,0.0,1
1777396506.7510872,DTLS,20,0.0,1
1777396507.781374,TLS,22,0.0,1
1777396508.8115728,DTLS,20,0.0,1
1777396509.8457756,TLS,22,0.0,1
1777396510.8713703,DTLS,20,0.0,1
1777396511.9084003,TLS,22,0.0,1
1777396512.935317,DTLS,20,0.0,1
1777396513.9711347,TLS,22,0.0,1
1777396514.999939,DTLS,20,0.0,1
1777396516.03346,TLS,22,0.0,1
1777396517.0597157,DTLS,20,0.0,1
1777396518.0933373,TLS,22,0.0,1
1777396519.120628,DTLS,20,0.0,1
1777396520.1551793,TLS,22,0.0,1
1777396521.1811593,DTLS,20,0.0,1
1777396522.2146585,TLS,22,0.0,1
1777396523.242742,DTLS,20,0.0,1
1777396524.273695,TLS,22,0.0,1
1777396525.3001761,DTLS,20,0.0,1
1777396526.333613,TLS,22,0.0,1
1777396527.358751,DTLS,20,0.0,1
1777396528.3924415,TLS,22,0.0,1
1777396529.418139,DTLS,20,0.0,1
1777396530.460732,TLS,22,0.0,1
1777396531.4878085,DTLS,20,0.0,1
1777396532.5238144,TLS,22,0.0,1
1777396533.549912,DTLS,20,0.0,1
1777396534.583534,TLS,22,0.0,1
1777396535.0970068,DTLS,2495,0.0,-1
1777396535.6095612,DTLS,20,0.0,1
1777396536.6472824,TLS,22,0.0,1
1777396537.6734548,DTLS,20,0.0,1
1777396538.7088366,TLS,22,0.0,1
1777396539.7328084,DTLS,20,0.0,1
1777396540.7660742,TLS,22,0.0,1
1777396541.7938423,DTLS,20,0.0,1
1777396542.829738,TLS,22,0.0,1
1777396543.8615487,DTLS,20,0.0,1
1777396544.8952773,TLS,22,0.0,1
1777396545.9210074,DTLS,20,0.0,1
1777396546.9574373,TLS,22,0.0,1
1777396547.985813,DTLS,20,0.0,1
1777396549.0185246,TLS,22,0.0,1
1777396550.0456302,DTLS,20,0.0,1
1777396551.0809772,TLS,22,0.0,1
1777396552.1071784,DTLS,20,0.0,1
1777396553.1401327,TLS,22,1.0209083557128906,1
1777396554.16671,DTLS,21,0.0,1
1777396555.2198544,TLS,22,0.0,1
1777396556.2708588,DTLS,20,0.0,1
1777396557.339874,TLS,22,0.0,1
1777396558.382783,DTLS,20,0.0,1
1777396559.4440117,TLS,22,0.0,1
1777396560.4860814,DTLS,20,0.0,1
1777396561.537347,TLS,22,1.0066032409667969,1
1777396562.56336,DTLS,20,0.0,1
1777396563.6037924,TLS,22,0.0,1
1777396564.6306748,DTLS,20,0.0,1
1777396565.6650074,TLS,22,0.0,1
1777396566.6924725,DTLS,20,0.0,1
1777396567.7274897,TLS,22,0.0,1
1777396568.7566936,DTLS,20,0.0,1
1777396569.790003,TLS,22,0.9968280792236328,1
1777396570.8148642,DTLS,20,0.0,1
1777396571.8497002,TLS,22,0.0,1
1777397680.771344,DTLS,2495,0.0,0.0,-1,-1
1777397684.7265368,TLS,490,0.0,0.0,1,1
1777401752.313028,TLS,22,0.0,0.0,1,1
1777401753.3417428,DTLS,20,0.0,0.0,1,1
1777401754.3754194,TLS,22,0.0,0.0,1,1
1777401755.4029717,DTLS,20,0.0,0.0,1,1
1777401755.4292624,DTLS,4000,0.0,0.0,-2,-2
1777401756.437102,TLS,22,0.0,0.0,1,1
1777401757.4843855,DTLS,20,0.0,0.0,1,1
1777401758.5548105,TLS,22,0.0,0.0,1,1
1777401759.6187894,DTLS,20,0.0,0.0,1,1
1777401760.677853,TLS,22,0.0,0.0,1,1
1777401761.7307515,DTLS,4000,0.0,0.0,-2,-2
1777401761.783596,DTLS,20,0.0,0.0,1,1
1777401762.8442035,TLS,22,0.0,0.0,1,1
1777401763.907426,DTLS,20,0.0,0.0,1,1
1777401764.940256,TLS,22,0.0,0.0,1,1
1777401765.9678187,DTLS,20,0.0,0.0,1,1
1777401767.0040092,TLS,22,0.0,0.0,1,1
1777401768.0316474,DTLS,20,0.0,0.0,1,1
1777401769.0637767,TLS,22,0.0,0.0,1,1
1777401769.7632284,TLS,1024,0.0,0.0,-1,-1
1777401770.0942962,DTLS,20,0.0,0.0,1,1
1777401771.13269,TLS,22,0.0,1.0023117065429688,1,1
1777401772.1608295,DTLS,20,0.0,0.0,1,1
1777401773.2182982,TLS,22,0.0,0.0,1,1
1777401773.6299984,DTLS,1201,0.0,0.0,-1,-1
1777401774.2750068,DTLS,20,0.0,0.0,1,1
1777401775.3426812,TLS,22,0.0,0.0,1,1
1777401776.3864372,DTLS,20,0.0,0.0,1,1
1777401777.1793044,TLS,1024,0.0,0.0,-1,-1
1777401777.4563763,TLS,22,0.0,0.0,1,1
1777401778.502742,DTLS,20,0.0,0.0,1,1
1777401779.5727158,TLS,22,0.0,0.0,1,1
1777401780.6192575,DTLS,20,0.0,0.0,1,1
1777401781.6799095,TLS,22,0.0,0.0,1,1
1777401782.6162279,DTLS,1201,0.0,0.0,-1,-1
1777401782.7262468,DTLS,20,0.0,0.0,1,1
1777401783.7971935,TLS,22,0.0,0.0,1,1
1777401784.8573363,DTLS,20,0.0,0.0,1,1
1777401785.92599,TLS,22,0.0,0.0,1,1
1777401786.9838958,DTLS,20,0.0,0.0,1,1
1777401787.6318524,TLS,330,0.0,0.0,-4,-4
1777401788.043125,TLS,22,0.0,0.0,1,1
1777401789.087203,DTLS,20,0.0,0.0,1,1
1777401790.2276254,TLS,22,0.0,0.0,1,1
1777401790.2276254,DTLS,2495,0.0,0.0,-1,-1
1777401791.2779417,DTLS,20,0.0,0.0,1,1
1777401792.34205,TLS,22,0.0,0.0,1,1
1777401793.131497,DTLS,4000,0.0,0.0,-2,-2
1777401793.4040174,DTLS,20,0.0,0.0,1,1
1777401794.4645789,TLS,22,0.0,0.0,1,1
1777401795.5164278,DTLS,20,0.0,0.0,1,1
1777401796.574418,TLS,22,0.0,0.0,1,1
1777401797.6194792,DTLS,20,0.0,0.0,1,1
1777401798.7039354,TLS,22,0.0,0.0,1,1
1777401799.4029508,TLS,1024,0.0,0.0,-1,-1
1777401799.7478285,DTLS,20,0.0,0.0,1,1
1777401800.806375,TLS,22,0.0,0.0,1,1
1777401801.8526237,DTLS,20,0.0,0.0,1,1
1777401802.9225147,TLS,22,0.0,0.0,1,1
1777401803.9686077,DTLS,20,0.0,0.0,1,1
1777401805.0315342,TLS,22,0.0,0.0,1,1
1777401806.0731068,DTLS,20,0.0,0.0,1,1
1777401806.3685288,TLS,1024,0.0,0.0,1,1
1777401807.1388717,TLS,22,0.0,0.0,1,1
1777401808.1978512,DTLS,20,0.0,0.0,1,1
1777401809.266373,TLS,22,0.0,0.0,1,1
1777401809.9131107,DTLS,2495,0.0,0.0,-1,-1
1777401810.3105042,DTLS,20,0.0,0.0,1,1
1777401811.3778386,TLS,22,0.0,0.0,1,1
1777401812.4205573,DTLS,20,0.0,0.0,1,1
1777401813.489862,TLS,22,0.0,0.0,1,1
1777401814.5331233,DTLS,20,0.0,0.0,1,1
1777401815.6053662,TLS,22,0.0,0.0,1,1
1777401816.198698,DTLS,2495,0.0,0.0,-1,-1
1777401816.6585317,DTLS,20,0.0,0.0,1,1
1777401817.7171357,TLS,22,0.0,0.0,1,1
1777401818.0834398,DTLS,1201,0.0,0.0,-1,-1
1777401818.76079,DTLS,20,0.0,0.0,1,1
1777401819.8263404,TLS,22,0.0,0.0,1,1
1777401820.8716133,DTLS,20,0.0,0.0,1,1
1777401821.9315882,TLS,22,0.0,0.0,1,1
1777401822.7828255,TLS,490,0.0,0.0,1,1
1777401822.995271,DTLS,20,0.0,0.0,1,1
1777401824.0680127,TLS,22,0.0,0.0,1,1
1777401824.4937956,DTLS,680,0.0,0.0,1,1
1777401824.5373092,DTLS,680,0.0,0.0,-5,-5
1777401824.5834126,DTLS,680,0.0,0.0,1,1
1777401824.6299222,DTLS,680,0.0,0.0,1,1
1777401824.6742177,DTLS,680,0.0,0.0,1,1
1777401825.116363,DTLS,20,0.0,0.0,1,1
1777401826.1809592,TLS,22,0.0,0.0,1,1
1777401826.8151762,TLS,490,0.0,0.0,1,1
1777401827.2278898,DTLS,20,0.0,0.0,1,1
1777401828.29559,TLS,22,0.0,0.0,1,1
1777401829.339316,DTLS,20,0.0,0.0,1,1
1777401830.3994403,TLS,22,0.0,0.0,1,1
1777401831.4705508,DTLS,20,0.0,0.0,1,1
1777401832.5299237,TLS,22,0.0,0.0,1,1
1777401833.5785847,DTLS,20,0.0,0.0,1,1
1777401834.5122552,TLS,330,0.0,0.0,-4,-4
1777401834.649488,TLS,22,0.0,0.0,1,1
1777401835.695857,DTLS,20,0.0,0.0,1,1
1777401835.997601,TLS,330,0.0,0.0,-4,-4
1777401836.7592287,TLS,22,0.0,0.0,1,1
1777401837.804588,DTLS,20,0.0,0.0,1,1
1777401838.881137,TLS,22,0.0,0.0,1,1
1777401839.5161576,TLS,1024,0.0,0.0,1,1
1777401839.9293635,DTLS,21,0.0,0.0,1,1
1777401840.9895537,TLS,22,0.0,0.0,1,1
1777401842.0314076,DTLS,20,0.0,0.0,1,1
1777401843.066744,TLS,22,0.0,0.0,1,1
1777401843.6996112,DTLS,680,0.0,0.0,1,1
1777401843.7272797,DTLS,680,0.0,0.0,-5,-5
1777401843.7548652,DTLS,680,0.0,0.0,1,1
1777401843.787301,DTLS,680,0.0,0.0,1,1
1777401843.812019,DTLS,680,0.0,0.0,1,1
1777401844.0927105,DTLS,20,0.0,0.0,1,1
1777401845.125702,TLS,22,0.0,0.0,1,1
1777401846.1527367,DTLS,20,0.0,0.0,1,1
1777401847.186632,TLS,22,0.0,1.0089874267578125,1,1
1777401848.2319896,DTLS,20,0.0,0.0,1,1
1777401849.2993555,TLS,22,0.0,0.0,1,1
1777401850.3291025,DTLS,20,0.0,0.0,1,1
1777401851.3453655,DTLS,680,0.0,0.0,1,1
1777401851.4044998,DTLS,680,0.0,0.0,-5,-5
1777401851.4044998,TLS,22,0.0,0.0,1,1
1777401851.4330008,DTLS,680,0.0,0.0,1,1
1777401851.4580946,DTLS,680,0.0,0.0,1,1
1777401851.4822726,DTLS,680,0.0,0.0,1,1
1777401852.430878,DTLS,20,0.0,0.0,1,1
1777401853.4713447,TLS,22,0.0,0.0,1,1
1777401854.5171254,DTLS,20,0.0,0.0,1,1
1777401855.5758643,TLS,22,0.0,0.0,1,1
1777401856.6047323,DTLS,20,0.0,0.0,1,1
1777401857.6407812,TLS,22,0.0,1.1589527130126953,1,1
1777401858.6673853,DTLS,20,0.0,0.0,1,1
1777401858.7185366,DTLS,1201,0.0,0.0,-1,-1
1777401859.701746,TLS,22,0.0,0.0,1,1
1777401860.728705,DTLS,20,0.0,0.0,1,1
1777401861.335759,DTLS,2495,0.0,0.0,-1,-1
1777401861.7623668,TLS,22,0.0,0.0,1,1
1777401862.788661,DTLS,20,0.0,0.0,1,1
1777401863.8239317,TLS,22,0.0,0.0,1,1
1777401864.8693025,DTLS,20,0.0,0.0,1,1
1777401865.6392446,TLS,330,0.0,1.314401626586914,-4,-4
1777401865.9073765,TLS,22,0.0,0.0,1,1
1777401866.9338183,DTLS,20,0.0,0.0,1,1
1777401867.992533,TLS,22,0.0,0.0,1,1
1777401869.0305698,DTLS,20,0.0,0.0,1,1
1777401870.0707257,TLS,22,0.0,0.9999275207519531,1,1
1777401871.1138835,DTLS,20,0.0,0.0,1,1
1777401872.061101,TLS,490,0.0,0.0,1,1
1777401872.164858,TLS,22,0.0,0.0,1,1
1777401873.2152283,DTLS,21,0.0,0.0,1,1
1777401874.2781239,TLS,22,0.0,0.0,1,1
1777401875.304193,DTLS,20,0.0,0.0,1,1
1777401876.338883,TLS,22,0.0,0.0,1,1
1777401877.3839905,DTLS,20,0.0,0.0,1,1
1777401878.5233426,TLS,22,0.0,0.0,1,1
1777401878.5233426,DTLS,4000,0.0,0.0,-2,-2
1777401879.5672498,DTLS,20,0.0,0.0,1,1
1777401880.6259725,TLS,22,0.0,0.0,1,1
1777401881.6710603,DTLS,20,0.0,0.0,1,1
1777401882.7059927,TLS,22,0.0,0.0,1,1
1777401883.7361367,DTLS,20,0.0,0.0,1,1
1777401884.7722461,TLS,22,0.0,0.0,1,1
1777401885.2468612,TLS,490,0.0,0.0,1,1
1777401885.800416,DTLS,20,0.0,0.0,1,1
1777401886.8325233,TLS,22,0.0,0.0,1,1
1777401887.0998924,DTLS,680,0.0,0.0,1,1
1777401887.125311,DTLS,680,0.0,0.0,-5,-5
1777401887.1516275,DTLS,680,0.0,0.0,1,1
1777401887.1763155,DTLS,680,0.0,0.0,1,1
1777401887.2016716,DTLS,680,0.0,0.0,1,1
1777401887.8583896,DTLS,20,0.0,0.0,1,1
1777401888.8901641,TLS,22,0.0,0.0,1,1
1777401889.0693665,DTLS,4000,0.0,0.0,-2,-2
1777401889.9185688,DTLS,20,0.0,0.0,1,1
1777401890.9528034,TLS,22,0.0,0.0,1,1
1777401891.9790049,DTLS,20,0.0,0.0,1,1
1777401893.0122063,TLS,22,0.0,0.0,1,1
1777401894.0398843,DTLS,20,0.0,0.0,1,1
1777401895.101221,TLS,22,0.0,0.0,1,1
1777401896.145476,DTLS,20,0.0,0.0,1,1
1777401897.2040126,TLS,22,0.0,0.0,1,1
1777401898.2331712,DTLS,20,0.0,0.0,1,1
1777401899.26789,TLS,22,0.0,0.0,1,1
1777401900.2942924,DTLS,20,0.0,0.0,1,1
